,,,,학점,,,시험,퀴즈,발표,프로젝트,과제물,참여도,기타,중간고사,기말고사,기타,강의실위치,,,
현대사회와소비자,33471,천혜정,1,3,1534,1534,100,0,0,0,0,0,0,,,,,,,
식품과현대사회,33474,조미숙,1,3,2546,2546,100,0,0,0,0,0,0,,,,,,,
한국현대문학의이해,33486,정우숙,1,3,1534,1534,100,0,0,0,0,0,0,,,,,,,
한국현대문학의이해,33486,진선영,2,3,2342,2342,100,0,0,0,0,0,0,,,,,,,
한국현대문학의이해,33486,최수완,3,3,1445,1445,100,0,0,0,0,0,0,,,,,,,
한국현대문학의이해,33486,이선영,4,3,1635,1635,100,0,0,0,0,0,0,,,,,,,
한국현대문학의이해,33486,정우숙,1,3,1534,1534,100,0,0,0,0,0,0,,,,,,,
한국현대문학의이해,33486,진선영,2,3,2342,2342,100,0,0,0,0,0,0,,,,관현악실,,,
한국현대문학의이해,33486,최수완,3,3,1445,1445,100,0,0,0,0,0,0,,,,,,,
한국현대문학의이해,33486,이선영,4,3,1635,1635,100,0,0,0,0,0,0,,,,,,,
프랑스어와프랑스문화Ⅰ,33489,Sylvie Mazo,1,3,2455,2455,60,0,0,0,20,10,10,,,,,,,
프랑스어와프랑스문화Ⅰ,33489,Emmanuel Nicolas,2,3,2342,2342,50,0,0,0,20,15,15,,,,,,,
프랑스어와프랑스문화Ⅰ,33489,Sylvie Mazo,3,3,1635,1635,60,0,0,0,20,10,10,,,,,,,
프랑스어와프랑스문화Ⅰ,33489,Sylvie Mazo,1,3,2445,2445,60,0,0,0,20,10,10,,,,,,,
프랑스어와프랑스문화Ⅰ,33489,Emmanuel Nicolas,2,3,2342,2342,50,0,0,0,20,15,15,,,,,,,
프랑스어와프랑스문화Ⅰ,33489,Sylvie Mazo,3,3,1635,1635,60,0,0,0,20,10,10,,,,,,,
인간관계와자아발달,33491,정희성,1,3,2253,2253,100,0,0,0,0,0,0,,,,,,,
사회과학고전읽기,33497,임금희,1,3,2546,2546,100,0,0,0,0,0,0,,,,,,,
사회과학고전읽기,33497,임금희,2,3,2756,2756,100,0,0,0,0,0,0,,,,,,,
사회과학고전읽기,33497,김미주,3,3,3757,3757,100,0,0,0,0,0,0,,,,,,,
약품분석I,33502,권영주,1,3,1233,1233,100,0,0,0,0,0,0,,,,,,,
약품분석I,33502,송은주,2,3,1233,1233,80,0,0,0,10,10,0,,,,,,,
약품분석I,33502,송은주,3,3,1332,1332,100,0,0,0,0,0,0,,,,,,,
약품분석I,33502,송은주,4,3,1233,1233,100,0,0,0,0,0,0,,,,,,,
아동건강간호학Ⅱ,33525,신혜원,1,3,22235455,22235455,100,0,0,0,0,0,0,,,,,,,
지역사회건강간호학Ⅰ,33532,양숙자,1,3,32335253,32335253,100,0,0,0,0,0,0,,,,,,,
지역사회건강간호학Ⅰ,33532,양숙자,2,3,14154546,14154546,100,0,0,0,0,0,0,,,,,,,
Global nursing issues,33535,"배성희/

Betty Garner",1,1.5,1415,1415,100,0,0,0,0,0,0,,,,,,,
컬러플래닝과디자인,33557,이정수,1,3,3536,3536,100,0,0,0,0,0,0,,,,,,,
컬러플래닝과디자인,33557,안효선,2,3,5354,5354,100,0,0,0,0,0,0,,,,,,,
컬러플래닝과디자인,33557,오지혜,3,3,4243,4243,100,0,0,0,0,0,0,,,,,,,
컬러플래닝과디자인,33557,이상영,4,3,2425,2425,100,0,0,0,0,0,0,,,,,,,
패션소재의이해,33558,이정민,1,3,1415,1415,100,0,0,0,0,0,0,,,,,,,
한국현대문학비평의실제,33572,연남경,1,3,2644,2644,100,0,0,0,0,0,0,,,,관현악실,,,
한국현대문학비평의실제,33572,박찬효,2,3,2342,2342,100,0,0,0,0,0,0,,,,,,,
한국고전소설읽기,33574,조혜란,1,3,1534,1534,100,0,0,0,0,0,0,,,,,,,
한국고전소설읽기,33574,김경미,2,3,2546,2546,100,0,0,0,0,0,0,,,,,,,
한국구비문학의세계,33580,홍나래,1,3,2253,2253,100,0,0,0,0,0,0,,,,,,,
한국어의뿌리와역사,33583,조경하,1,3,2644,2644,100,0,0,0,0,0,0,,,,,,,
중국문학사I,33591,김선,1,3,2644,2644,50,0,0,0,30,0,20,,210610,,,,,
중국고전시가,33593,김선,1,3,2342,2342,60,0,0,0,30,0,10,210422,210610,,,,,
중국고전시가,33593,김수희,2,3,1747,1747,100,0,0,0,0,0,0,,,,,,,
멀티미디어프랑스어,33611,Sylvie Mazo,1,3,3654,3654,50,0,0,0,30,10,10,,,,,,,
프랑스어문법과작문I,33612,이수미,1,3,2233,2233,100,0,0,0,0,0,0,,,,,,,
프랑스어문법과작문I,33612,곽노경,2,3,2644,2644,100,0,0,0,0,0,0,,,,,,,
프랑스어문법과작문I,33612,김선민,3,3,3352,3352,100,0,0,0,0,0,0,,,,,,,
프랑스문학강독,33613,김도훈,1,3,2546,2546,100,0,0,0,0,0,0,,,,,,,
시사실무프랑스어(캡스톤디자인),33619,Emmanuel Nicolas,1,3,1243,1243,50,0,0,0,25,10,15,,,,,,,
성서히브리어,33658,이은애,1,3,2455,2455,100,0,0,0,0,0,0,,,,,,,
성서교육방법,33662,백은미,1,3,1635,1635,100,0,0,0,0,0,0,,,,,,,
기독교신학과현대사상,33663,장윤재,1,3,3654,3654,100,0,0,0,0,0,0,,,,,,,
논리학,33669,최이선,1,3,1445,1445,100,0,0,0,0,0,0,,,,,,,
여성정책론,33675,원숙연,1,3,1747,1747,100,0,0,0,0,0,0,,,,,,,
유기화학실험Ⅰ,33692,이상기,1,2,1516,1516,100,0,0,0,0,0,0,,,,,,,
유기화학실험Ⅰ,33692,이상기,2,2,2526,2526,100,0,0,0,0,0,0,,,,,,,
유기화학실험Ⅰ,33692,Jean Bouffard,3,2,3536,3536,100,0,0,0,0,0,0,,,,,,,
유기화학실험Ⅰ,33692,김현우,4,2,4546,4546,100,0,0,0,0,0,0,,,,,,,
화학실험기법I,33697,현가담,1,2,1516,1516,100,0,0,0,0,0,0,,,,,,,
화학실험기법I,33697,현가담,2,2,2526,2526,100,0,0,0,0,0,0,,,,관현악실,,,
화학실험기법I,33697,박재홍,3,2,3536,3536,100,0,0,0,0,0,0,,,,,,,
화학실험기법I,33697,박재홍,4,2,4546,4546,100,0,0,0,0,0,0,,,,,,,
화학연구I,33702,"김관묵/

이종목",1,2,,null,100,0,0,0,0,0,0,,,,,,,
합성유기화학,33704,고수영,1,3,2253,2253,100,0,0,0,0,0,0,,,,,,,
세계거시역사변동,33706,진승권,1,3,2546,2546,100,0,0,0,0,0,0,,,,,,,
조직사회학,33708,김정선,1,3,1534,1534,100,0,0,0,0,0,0,,,,,,,
생물화학I,33716,"강상원/

심현보",1,3,3352,3352,100,0,0,0,0,0,0,,,,,,,
생물화학I,33716,김현석,2,3,3352,3352,100,0,0,0,0,0,0,,,,,,,
생물화학I,33716,정우진,3,3,3352,3352,100,0,0,0,0,0,0,,,,,,,
생물화학I,33716,"강상원/

심현보",1,3,3352,3352,100,0,0,0,0,0,0,,,,,,,
생물화학I,33716,김현석,2,3,3352,3352,100,0,0,0,0,0,0,,,,,,,
생물화학I,33716,정우진,3,3,3352,3352,100,0,0,0,0,0,0,,,,,,,
전자장II,33752,황정연,1,3,2253,2253,100,0,0,0,0,0,0,,,,,,,
미디어심리학,33759,임소혜,1,3,2342,2342,100,0,0,0,0,0,0,,,,,,,
환경생태학,33766,이상돈,1,3,1332,1332,100,0,0,0,0,0,0,,,,,,,
상수도공학및실습,33780,박찬혁,1,3,3352,3352,100,0,0,0,0,0,0,,,,,,,
스타일드로잉,33817,이상영,1,3,2223,2223,100,0,0,0,0,0,0,,,,,,,
스타일드로잉,33817,이상영,2,3,2627,2627,100,0,0,0,0,0,0,,,,,,,
스타일드로잉,33817,오지혜,3,3,1415,1415,100,0,0,0,0,0,0,,,,,,,
스타일드로잉,33817,오지혜,4,3,4445,4445,100,0,0,0,0,0,0,,,,,,,
텍스타일가공과신소재,33824,윤창상,1,3,2425,2425,100,0,0,0,0,0,0,,,,,,,
텍스타일가공과신소재,33824,이정민,2,3,4243,4243,100,0,0,0,0,0,0,,,,,,,
텍스타일가공과신소재,33824,박서린,3,3,3435,3435,100,0,0,0,0,0,0,,,,,,,
텍스타일가공과신소재,33824,박서린,4,3,4647,4647,100,0,0,0,0,0,0,,,,,,,
교육행정의쟁점,33838,"선미숙/

장선희",1,3,2223,2223,100,0,0,0,0,0,0,,,,,,,
생화학,33839,김양하,1,3,1332,1332,85,5,0,0,5,5,0,210426,210614,,,,,
교육평가의적용과탐구,33840,최윤정,1,3,1213,1213,100,0,0,0,0,0,0,,,,,,,
지역사회영양및정책,33845,정승연,1,3,2253,2253,100,0,0,0,0,0,0,,,,,,,
유아교육개론,33849,홍누리,1,3,1332,1332,100,0,0,0,0,0,0,,,,,,,
서양전근대사와역사교육,33860,박용진,1,3,5253,5253,70,0,0,0,20,0,10,210423,210611,,,,,
회계정보원리,33861,우용상,1,3,2253,2253,100,0,0,0,0,0,0,,,,,,,
회계정보원리,33861,박소라,2,3,1243,1243,100,0,0,0,0,0,0,,,,관현악실,,,
회계정보원리,33861,권세원,3,3,1332,1332,100,0,0,0,0,0,0,,,,,,,
회계정보원리,33861,전경민,4,3,1635,1635,75,0,0,0,15,10,0,210420,210610,,,,,
회계정보원리,33861,김재영,5,3,2644,2644,75,0,0,0,15,10,0,210420,210610,,,,,
회계정보원리,33861,전경민,6,3,3654,3654,100,0,0,0,0,0,0,,,,,,,
회계정보원리,33861,정동진,7,3,2342,2342,100,0,0,0,0,0,0,,,,,,,
회계정보원리,33861,우용상,1,3,2253,2253,100,0,0,0,0,0,0,,,,,,,
회계정보원리,33861,박소라,2,3,1243,1243,100,0,0,0,0,0,0,,,,,,,
회계정보원리,33861,권세원,3,3,1332,1332,100,0,0,0,0,0,0,,,,,,,
회계정보원리,33861,전경민,4,3,1635,1635,75,0,0,0,15,10,0,210420,210610,,,,,
회계정보원리,33861,김재영,5,3,2644,2644,75,0,0,0,15,10,0,210420,210610,,,,,
회계정보원리,33861,전경민,6,3,3654,3654,100,0,0,0,0,0,0,,,,,,,
회계정보원리,33861,정동진,7,3,2342,2342,100,0,0,0,0,0,0,,,,,,,
데이타베이스관리,33866,김명옥,1,3,2546,2546,100,0,0,0,0,0,0,,,,,,,
고급현대물리,33912,김완선,1,3,5354,5354,100,0,0,0,0,0,0,,,,,,,
핵및입자물리,33917,임연환,1,3,1213,1213,100,0,0,0,0,0,0,,,,,,,
산업및조직심리학,33922,양윤,1,3,2342,2342,100,0,0,0,0,0,0,,,,,,,
분석화학및연습,33924,김정현,1,3,5354,5354,100,0,0,0,0,0,0,,,,,,,
양자화학,33927,김명화,1,3,4445,4445,100,0,0,0,0,0,0,,,,,,,
고급무기화학,33928,우애자,1,3,2343,2343,100,0,0,0,0,0,0,,,,,,,
식물분류학및실험,33935,이창숙,1,3,2526,2526,100,0,0,0,0,0,0,,,,,,,
중등위상교육,33939,이용하,1,3,1534,1534,90,10,0,0,0,0,0,210421,210621,,,,,
보건행정및정책,33946,김수경,1,3,1534,1534,70,0,0,0,20,10,0,,,,,,,
약품합성학Ⅱ,33947,"강수성/

류재상",1,3,2253,2253,100,0,0,0,0,0,0,,,,,,,
약품합성학Ⅱ,33947,"강수성/

류재상",2,3,3454,3454,100,0,0,0,0,0,0,,,,,,,
약품합성학Ⅱ,33947,"강수성/

류재상",3,3,1444,1444,100,0,0,0,0,0,0,,,,,,,
약품합성학Ⅱ,33947,"강수성/

류재상",4,3,1444,1444,100,0,0,0,0,0,0,,,,,,,
독문법연습,33981,최지영,1,3,1635,1635,100,0,0,0,0,0,0,,,,,,,
독문법연습,33981,김미선,2,3,1635,1635,100,0,0,0,0,0,0,,,,,,,
현대사회이론,33988,김성훈,1,3,1445,1445,80,0,10,0,0,10,0,210419,210617,,,,,
음악사I,34062,김은하,1,2,1234,1234,100,0,0,0,0,0,0,,,,,,,
음악사I,34062,김사랑,2,2,2254,2254,100,0,0,0,0,0,0,,,,,,,
음악사I,34062,이은진,3,2,1433,1433,70,0,0,0,20,10,0,210421,210621,,,,,
음악사I,34062,최윤실,4,2,2445,2445,100,0,0,0,0,0,0,,,,,,,
한국음악관현악I,34066,원영석,1,1,1718,1718,30,0,0,0,20,50,0,,,,,,,
한국음악관현악I,34066,박노훈,2,1,1819,1819,60,0,0,0,0,40,0,,,,,,,
한국음악관현악I,34066,강효주,3,1,1617,1617,0,0,30,0,50,20,0,,210621,,,,,
한국음악개론I,34068,김묘신,1,2,4647,4647,100,0,0,0,0,0,0,,,,,,,
한국음악관현악III,34101,원영석,1,1,1718,1718,30,0,0,0,20,50,0,,,,,,,
한국음악관현악III,34101,박노훈,2,1,1819,1819,60,0,0,0,0,40,0,,,,,,,
한국음악관현악III,34101,강효주,3,1,1617,1617,0,0,30,0,50,20,0,,210621,,,,,
한국음악관현악V,34103,원영석,1,1,4748,4748,30,0,0,0,20,50,0,,210617,,,,,
한국음악관현악V,34103,박노훈,2,1,1819,1819,60,0,0,0,0,40,0,,,,,,,
한국음악관현악V,34103,강효주,3,1,1617,1617,0,0,30,0,50,20,0,,210621,,,,,
한국음악관현악VII,34105,원영석,1,1,4748,4748,30,0,0,0,20,50,0,,210617,,,,,
한국음악관현악VII,34105,박노훈,2,1,1819,1819,60,0,0,0,0,40,0,,,,,,,
한국음악관현악VII,34105,강효주,3,1,1617,1617,0,0,30,0,50,20,0,,210621,,,,,
경제현상의이해,34156,최민식,1,3,1332,1332,100,0,0,0,0,0,0,,,,,,,
생활과지리:현대사회의인문지리학,34160,이종원,1,3,2644,2644,100,0,0,0,0,0,0,,,,,,,
전통채색:화조,34166,진민욱,1,3,2324,2324,80,0,0,0,0,0,20,210427,,,,,,
전통채색:화조,34166,진민욱,2,3,5354,5354,80,0,0,0,0,0,20,210430,,,,,,
산수화연구Ⅰ,34167,김현철,1,3,1516,1516,80,0,10,0,0,10,0,,,작업발표: 2021/04/26(월),,,,
산수화연구Ⅰ,34167,이지은,2,3,3435,3435,0,0,0,0,80,10,10,,,,,,,
회화와시각문화I,34179,이창원,1,3,1213,1213,70,0,0,0,15,15,0,,,중간발표: 2021/05/13(목),,,,
회화와시각문화I,34179,전보경,2,3,5253,5253,0,0,0,60,20,20,0,210423,210618,중간발표: 2021/05/14(금),,,,
회화와뉴테크놀러지I,34180,김우진,1,3,4546,4546,0,0,10,0,50,40,0,,,,,,,
회화와뉴테크놀러지I,34180,김우진,2,3,5556,5556,0,0,10,0,50,40,0,,,,,,,
현대미술워크샵,34183,강애란,1,3,4546,4546,100,0,0,0,0,0,0,,,,,,,
현대미술워크샵,34183,이광호,2,3,3233,3233,100,0,0,0,0,0,0,,,,,,,
현대회화세미나,34184,조덕현,1,3,1516,1516,100,0,0,0,0,0,0,,,프로젝트리뷰: 2021/04/21(수),,,,
현대회화세미나,34184,우순옥,2,3,2526,2526,100,0,0,0,0,0,0,,,,,,,
공공예술의현장,34185,문경원,1,3,3536,3536,0,0,20,60,0,20,0,,,중간평가: 2021/05/12(수),,,,
조형I,34191,이상윤,1,3,4546,4546,0,0,0,0,50,50,0,,,,,,,
석조기법,34193,권석만,1,3,3233,3233,60,0,10,0,10,20,0,,,"작품발표: 2021/06/01(화), 기말평가: 2021/06/08(화)",,,,
소조표현,34194,손정은,1,3,3536,3536,100,0,0,0,0,0,0,,,"중간평가: 2021/04/26(월), 기말평가: 2021/06/14(월)",,,,
공간설치,34197,손정은,1,3,5556,5556,30,0,10,50,10,0,0,,,,,,,
복합매체,34200,이경희,1,3,1516,1516,60,0,10,0,10,20,0,,,,,,,
환경과조각,34201,원인종,1,3,3536,3536,0,0,30,50,10,0,10,,,,,,,
세포생물학I,34229,이종란,1,3,2253,2253,100,0,0,0,0,0,0,,,,,,,
세포생물학I,34229,"서은경/

권미정",2,3,2644,2644,100,0,0,0,0,0,0,,,,,,,
세포생물학I,34229,"권미정/

서은경",3,3,2253,2253,100,0,0,0,0,0,0,,,,,,,
세포생물학I,34229,이종란,1,3,2253,2253,100,0,0,0,0,0,0,,,,,,,
세포생물학I,34229,"서은경/

권미정",2,3,2644,2644,100,0,0,0,0,0,0,,,,,,,
세포생물학I,34229,"권미정/

서은경",3,3,2253,2253,100,0,0,0,0,0,0,,,,,,,
패션인사이트,34261,이재민,1,3,3536,3536,100,0,0,0,0,0,0,,,Final Presentation: 2021/06/8(화),,,,
디지털패션그래픽,34264,주보림,1,3,1516,1516,100,0,0,0,0,0,0,,,,,,,
공간프리젠테이션,34275,박소영,1,3,2526,2526,0,0,20,40,20,0,20,,,,,,,
기초자수,34290,차영순,1,3,1516,1516,100,0,0,0,0,0,0,,,,,,,
회로이론,34298,이가현,1,3,1635,1635,100,0,0,0,0,0,0,,,,,,,
물레성형I,34303,정관,1,3,5556,5556,40,0,0,0,20,40,0,210430,210618,,,,,
물레성형I,34303,Ping Wen,2,3,4546,4546,0,0,0,0,70,30,0,,,,,,,
외식산업과다량조리,34334,오지수,1,3,424344,424344,100,0,0,0,0,0,0,,,,,,,
분자세포생물학I,34353,"안정혁/

박혜영/

김형래",1,3,3435,3435,100,0,0,0,0,0,0,,,,,,,
교육의심리적기초,34362,신태섭,1,3,3233,3233,50,0,0,0,40,10,0,210421,210616,,음327,,,
학교교육과정개혁,34363,김란주,1,3,3637,3637,100,0,0,0,0,0,0,,,,,,,
유가철학,34368,김선희,1,3,1332,1332,100,0,0,0,0,0,0,,,,,,,
동양현대철학,34375,이지,1,3,3654,3654,100,0,0,0,0,0,0,,,,,,,
중국어회화I,34391,모해연,1,3,2342,2342,100,0,0,0,0,0,0,,,,,,,
중국어회화I,34391,Peng Jing,2,3,2546,2546,100,0,0,0,0,0,0,,,,,,,
중국어문법,34394,모해연,1,3,1243,1243,100,0,0,0,0,0,0,,,,,,,
중국어문법,34394,이지은,2,3,1445,1445,100,0,0,0,0,0,0,,,,,,,
중국어문법,34394,모해연,1,3,1243,1243,100,0,0,0,0,0,0,,,,,,,
중국어문법,34394,이지은,2,3,1445,1445,100,0,0,0,0,0,0,,,,,,,
중세및르네상스문학과문화,34400,정영진,1,3,3654,3654,100,0,0,0,0,0,0,,,,,,,
중세및르네상스문학과문화,34400,황수경,2,3,2253,2253,100,0,0,0,0,0,0,,,,,,,
중세및르네상스문학과문화,34400,정영진,1,3,3654,3654,100,0,0,0,0,0,0,,,,,,,
중세및르네상스문학과문화,34400,황수경,2,3,2253,2253,100,0,0,0,0,0,0,,,,,,,
U.S. Minority Literature,34413,김민정,1,3,2756,2756,100,0,0,0,0,0,0,,,,,,,
유아교과논리및논술,34425,이승연,1,3,1243,1243,100,0,0,0,0,0,0,,,,,,,
인사행정론,34441,이근주,1,3,1534,1534,100,0,0,0,0,0,0,,,,,,,
국제행정론,34444,김유미,1,3,1445,1445,100,0,0,0,0,0,0,,,,,,,
조직행동과리더십,34446,최유진,1,3,1635,1635,100,0,0,0,0,0,0,,,,,,,
규제행정론,34456,조택,1,3,2644,2644,100,0,0,0,0,0,0,,,,,,,
정보자원분류의이해,34471,최예진,1,3,1332,1332,100,0,0,0,0,0,0,,,,,,,
이상심리학,34509,최종옥,1,3,5657,5657,100,0,0,0,0,0,0,,,,,,,
이상심리학,34509,백상은,2,3,3637,3637,100,0,0,0,0,0,0,,,,,,,
언어심리학,34516,이혜원,1,3,1243,1243,100,0,0,0,0,0,0,,,,,,,
광고심리학,34517,Eunice Eun-Sil Kim(김은실),1,3,1534,1534,100,0,0,0,0,0,0,,,,,,,
광고심리학,34517,오자영,2,3,1445,1445,100,0,0,0,0,0,0,,,,,,,
광고심리학,34517,Eunice Eun-Sil Kim(김은실),1,3,1534,1534,100,0,0,0,0,0,0,,,,,,,
광고심리학,34517,오자영,2,3,1445,1445,100,0,0,0,0,0,0,,,,,,,
자폐성장애학생교육,34524,이소현,1,3,1534,1534,100,0,0,0,0,0,0,,,,,,,
Listening and Speaking Skills,34527,Kevin Buchanan,1,3,13143233,13143233,100,0,0,0,0,0,0,,,,,,,
Listening and Speaking Skills,34527,Kevin Buchanan,2,3,23244243,23244243,100,0,0,0,0,0,0,,,,,,,
Listening and Speaking Skills,34527,Kevin Buchanan,3,3,16173536,16173536,100,0,0,0,0,0,0,,,,,,,
공간통계,34566,강영옥,1,3,1617,1617,100,0,0,0,0,0,0,,,,,,,
분석화학탐구실험,34599,김정현,1,2,5556,5556,100,0,0,0,0,0,0,,,,음327,,,
고급유기화학,34600,박지훈,1,3,1434,1434,100,0,0,0,0,0,0,,,,,,,
유기화학탐구실험,34601,박지훈,1,1,1516,1516,100,0,0,0,0,0,0,,,,,,,
비즈니스컴퓨팅,34617,윤혜정,1,3,1332,1332,100,0,0,0,0,0,0,,,,,,,
비즈니스컴퓨팅,34617,강윤정,2,3,2455,2455,100,0,0,0,0,0,0,,,,,,,
비즈니스컴퓨팅,34617,강윤정,3,3,3654,3654,100,0,0,0,0,0,0,,,,,,,
Foundations for Business English,34618,이지연,1,3,1243,1243,100,0,0,0,0,0,0,,,,,,,
Foundations for Business English,34618,이지연,2,3,1445,1445,100,0,0,0,0,0,0,,,,,,,
Foundations for Business English,34618,이지연,3,3,1635,1635,100,0,0,0,0,0,0,,,,,,,
비서실무,34620,우혜련,1,3,2644,2644,100,0,0,0,0,0,0,,,,,,,
화학개념학습지도,34627,최취임,1,3,5556,5556,100,0,0,0,0,0,0,,,,,,,
미디어연구방법,34691,김영욱,1,3,1534,1534,100,0,0,0,0,0,0,,,,,,,
미디어연구방법,34691,함승경,2,3,1243,1243,100,0,0,0,0,0,0,,,,,,,
저널리즘비평,34711,이재경,1,3,1243,1243,100,0,0,0,0,0,0,,,,,,,
다큐멘터리제작,34731,최윤정,1,3,2223,2223,100,0,0,0,0,0,0,,,,,,,
디지털영상특수효과,34733,이필두,1,3,3233,3233,100,0,0,0,0,0,0,,,,,,,
디지털영상특수효과,34733,이필두,2,3,3637,3637,100,0,0,0,0,0,0,,,,,,,
인테리어디자인졸업연구I,34738,김효은,1,3,3536,3536,100,0,0,0,0,0,0,,,,,,,
정보통신공학,34743,도인실,1,3,2546,2546,74,10,0,0,10,6,0,210420,210615,,,,,
정보통신공학,34743,이숙영,2,3,2253,2253,100,0,0,0,0,0,0,,,,,,,
패션프렉티스I,34745,이경진,1,3,1516,1516,100,0,0,0,0,0,0,,,,,,,
패션프렉티스II,34746,함봉희,1,3,252627,252627,100,0,0,0,0,0,0,,,,,,,
성인건강간호학I,34749,김옥수,1,1.5,4546,4546,100,0,0,0,0,0,0,,,,,,,
성인건강간호학I,34749,김옥수,2,1.5,2223,2223,100,0,0,0,0,0,0,,,,,,,
성인건강간호학Ⅲ,34751,"신수진/

차지영",1,3,12134344,12134344,100,0,0,0,0,0,0,,,,,,,
성인건강간호학Ⅲ,34751,"신수진/

차지영",2,3,12134344,12134344,100,0,0,0,0,0,0,,,,,,,
동양고중세사와역사교육,34757,박민수,1,3,1332,1332,100,0,0,0,0,0,0,,,,,,,
세계지리와세계여행2:아시아와아프리카,34758,정선화,1,3,1213,1213,100,0,0,0,0,0,0,,,,,,,
분자생물학,34770,황혜진,1,3,1213,1213,80,0,0,0,10,10,0,210426,210621,,,,,
대기과학,34775,이유리,1,3,4647,4647,90,0,0,0,5,5,0,210429,210617,,,,,
동양근세사와역사교육,34785,박민수,1,3,1635,1635,100,0,0,0,0,0,0,,,,,,,
화성I,34796,이문석,1,2,2243,2243,100,0,0,0,0,0,0,,,,,,,
화성I,34796,김청은,2,2,1445,1445,100,0,0,0,0,0,0,,,,,,,
화성I,34796,이은미,3,2,1233,1233,100,0,0,0,0,0,0,,,,,,,
화성I,34796,김예진,4,2,1631,1631,100,0,0,0,0,0,0,,,,,,,
화성I,34796,김청은,5,2,1543,1543,100,0,0,0,0,0,0,,,,,,,
화성I,34796,안선현,6,2,2223,2223,70,0,0,0,10,20,0,,,,,,,
화성I,34796,김혜란,7,2,2122,2122,40,0,0,0,40,20,0,210413,210615,,,,,
Sight Singing & Ear Training I,34798,김은하,1,1,13,13,100,0,0,0,0,0,0,,,,,,,
Sight Singing & Ear Training I,34798,백은숙,2,1,15,15,60,0,0,0,20,20,0,,,,,,,
Sight Singing & Ear Training I,34798,조사방,3,1,24,24,100,0,0,0,0,0,0,,,,,,,
Sight Singing & Ear Training I,34798,박선영,4,1,35,35,100,0,0,0,0,0,0,,,,,,,
Sight Singing & Ear Training I,34798,원영석,5,1,26,26,60,10,0,0,0,30,0,,,,,,,
Sight Singing & Ear Training I,34798,원영석,6,1,37,37,60,10,0,0,0,30,0,,,,,,,
Sight Singing & Ear Training I,34798,조사방,7,1,14,14,100,0,0,0,0,0,0,,,,,,,
대위I,34800,서유라,1,2,1544,1544,70,0,0,0,15,15,0,210422,210614,,,,,
대위I,34800,강미나,2,2,1345,1345,80,0,0,0,10,0,10,210415,210610,,,,,
대위I,34800,서유라,3,2,1233,1233,70,0,0,0,15,15,0,210426,210614,,,,,
대위I,34800,박은경,4,2,4243,4243,100,0,0,0,0,0,0,,,,,,,
대위I,34800,김사랑,5,2,1532,1532,80,0,0,0,10,10,0,210419,210614,,,,,
대위I,34800,강미나,6,2,1546,1546,80,0,0,0,0,10,10,210422,210610,,,,,
컴파일러,34811,최병주,1,3,1243,1243,60,0,0,30,0,10,0,210412,210607,,,,,
반주법I,34812,이영미,1,2,2526,2526,40,0,40,0,10,10,0,210420,210615,,,,,
반주법I,34812,장은혜,2,2,3334,3334,100,0,0,0,0,0,0,,,,,,,
반주법I,34812,박소현,3,2,1314,1314,50,0,30,0,15,5,0,210419,210621,,,,,
오케스트라워크샵I,34814,김동현,1,1,33,33,100,0,0,0,0,0,0,,210616,,,,,
오케스트라워크샵III,34816,박상미,1,1,17,17,100,0,0,0,0,0,0,,,,,,,
현대음악I,34818,Michael Sidney Timpson,1,2,5354,5354,90,0,0,0,0,10,0,,,,,,,
건반악기문헌I,34822,안융경,1,2,4243,4243,60,0,20,0,10,10,0,,,,,,,
건반악기문헌I,34822,김희성,2,2,2526,2526,50,0,20,20,0,10,0,210420,210608,,,,,
건반악기전공실기I,34824,함영림,1,2,,null,100,0,0,0,0,0,0,,,,,,,
건반악기전공실기I,34824,김희성,2,2,,null,100,0,0,0,0,0,0,,,,,,,
건반악기전공실기I,34824,계명선,3,2,,null,100,0,0,0,0,0,0,,,,,,,
건반악기전공실기I,34824,김원,4,2,,null,100,0,0,0,0,0,0,,,,,,,
건반악기전공실기I,34824,박소현,5,2,,null,100,0,0,0,0,0,0,,,,,,,
건반악기전공실기I,34824,최민경,6,2,,null,100,0,0,0,0,0,0,,,,,,,
건반악기전공실기I,34824,박옥주,7,2,,null,100,0,0,0,0,0,0,,,,,,,
건반악기전공실기I,34824,박미정,8,2,,null,100,0,0,0,0,0,0,,,,,,,
건반악기전공실기I,34824,정희진,9,2,,null,100,0,0,0,0,0,0,,,,,,,
건반악기전공실기I,34824,한상일,10,2,,null,100,0,0,0,0,0,0,,,,,,,
건반악기전공실기I,34824,주예흔,11,2,,null,100,0,0,0,0,0,0,,,,,,,
건반악기전공실기I,34824,홍혜도,12,2,,null,100,0,0,0,0,0,0,,,,,,,
건반악기전공실기I,34824,황보영,13,2,,null,100,0,0,0,0,0,0,,,,,,,
건반악기전공실기I,34824,황영경,14,2,,null,100,0,0,0,0,0,0,,,,,,,
건반악기전공실기I,34824,박안나,15,2,,null,100,0,0,0,0,0,0,,,,,,,
건반악기전공실기I,34824,엄주리,16,2,,null,100,0,0,0,0,0,0,,,,,,,
건반악기전공실기I,34824,주정미,17,2,,null,100,0,0,0,0,0,0,,,,,,,
건반악기전공실기I,34824,강민정,18,2,,null,100,0,0,0,0,0,0,,,,,,,
건반악기전공실기III,34826,함영림,1,2,,null,100,0,0,0,0,0,0,,,,,,,
건반악기전공실기III,34826,김희성,2,2,,null,100,0,0,0,0,0,0,,,,,,,
건반악기전공실기III,34826,계명선,3,2,,null,100,0,0,0,0,0,0,,,,,,,
건반악기전공실기III,34826,김정은,4,2,,null,100,0,0,0,0,0,0,,,,,,,
건반악기전공실기III,34826,김원,5,2,,null,100,0,0,0,0,0,0,,,,,,,
건반악기전공실기III,34826,박소현,6,2,,null,100,0,0,0,0,0,0,,,,,,,
건반악기전공실기III,34826,김시내,7,2,,null,100,0,0,0,0,0,0,,,,,,,
건반악기전공실기III,34826,최민경,8,2,,null,100,0,0,0,0,0,0,,,,,,,
건반악기전공실기III,34826,박옥주,9,2,,null,100,0,0,0,0,0,0,,,,,,,
건반악기전공실기III,34826,정희진,10,2,,null,100,0,0,0,0,0,0,,,,,,,
건반악기전공실기III,34826,한상일,11,2,,null,100,0,0,0,0,0,0,,,,,,,
건반악기전공실기III,34826,주예흔,12,2,,null,100,0,0,0,0,0,0,,,,,,,
건반악기전공실기III,34826,홍혜도,13,2,,null,100,0,0,0,0,0,0,,,,,,,
건반악기전공실기III,34826,황보영,14,2,,null,100,0,0,0,0,0,0,,,,,,,
건반악기전공실기III,34826,박안나,15,2,,null,100,0,0,0,0,0,0,,,,,,,
건반악기전공실기III,34826,엄주리,16,2,,null,100,0,0,0,0,0,0,,,,,,,
건반악기전공실기III,34826,주정미,17,2,,null,100,0,0,0,0,0,0,,,,,,,
건반악기전공실기III,34826,강민정,18,2,,null,100,0,0,0,0,0,0,,,,,,,
건반악기전공실기V,34828,함영림,1,2,,null,100,0,0,0,0,0,0,,,,,,,
건반악기전공실기V,34828,김희성,2,2,,null,100,0,0,0,0,0,0,,,,,,,
건반악기전공실기V,34828,계명선,3,2,,null,100,0,0,0,0,0,0,,,,,,,
건반악기전공실기V,34828,김정은,4,2,,null,100,0,0,0,0,0,0,,,,,,,
건반악기전공실기V,34828,김원,5,2,,null,100,0,0,0,0,0,0,,,,,,,
건반악기전공실기V,34828,박소현,6,2,,null,100,0,0,0,0,0,0,,,,,,,
건반악기전공실기V,34828,박옥주,7,2,,null,100,0,0,0,0,0,0,,,,,,,
건반악기전공실기V,34828,박미정,8,2,,null,100,0,0,0,0,0,0,,,,,,,
건반악기전공실기V,34828,주예흔,9,2,,null,100,0,0,0,0,0,0,,,,,,,
건반악기전공실기V,34828,최다혜,10,2,,null,100,0,0,0,0,0,0,,,,,,,
건반악기전공실기V,34828,박안나,11,2,,null,100,0,0,0,0,0,0,,,,,,,
건반악기전공실기V,34828,엄주리,12,2,,null,100,0,0,0,0,0,0,,,,,,,
건반악기전공실기V,34828,주정미,13,2,,null,100,0,0,0,0,0,0,,,,,,,
건반악기전공실기V,34828,강민정,14,2,,null,100,0,0,0,0,0,0,,,,,,,
건반악기전공실기VII,34830,함영림,1,2,,null,100,0,0,0,0,0,0,,,,,,,
건반악기전공실기VII,34830,김희성,2,2,,null,100,0,0,0,0,0,0,,,,,,,
건반악기전공실기VII,34830,계명선,3,2,,null,100,0,0,0,0,0,0,,,,,,,
건반악기전공실기VII,34830,김정은,4,2,,null,100,0,0,0,0,0,0,,,,,,,
건반악기전공실기VII,34830,김원,5,2,,null,100,0,0,0,0,0,0,,,,,,,
건반악기전공실기VII,34830,최민경,6,2,,null,100,0,0,0,0,0,0,,,,,,,
건반악기전공실기VII,34830,박옥주,7,2,,null,100,0,0,0,0,0,0,,,,,,,
건반악기전공실기VII,34830,한상일,8,2,,null,100,0,0,0,0,0,0,,,,,,,
건반악기전공실기VII,34830,주예흔,9,2,,null,100,0,0,0,0,0,0,,,,,,,
건반악기전공실기VII,34830,최다혜,10,2,,null,100,0,0,0,0,0,0,,,,,,,
건반악기전공실기VII,34830,홍혜도,11,2,,null,100,0,0,0,0,0,0,,,,,,,
건반악기전공실기VII,34830,황보영,12,2,,null,100,0,0,0,0,0,0,,,,,,,
건반악기전공실기VII,34830,황영경,13,2,,null,100,0,0,0,0,0,0,,,,,,,
건반악기전공실기VII,34830,주정미,14,2,,null,100,0,0,0,0,0,0,,,,,,,
건반악기전공실기VII,34830,강민정,15,2,,null,100,0,0,0,0,0,0,,,,,,,
피아노실내악I,34832,장미경,1,1,44,44,50,0,20,0,20,0,10,210422,210610,,,,,
피아노실내악I,34832,장미경,2,1,45,45,50,0,20,0,20,0,10,210422,210610,,,,,
건반악기문헌III,34836,안융경,1,2,4445,4445,60,0,0,20,10,10,0,,,,,,,
건반악기문헌III,34836,장유미,2,2,2526,2526,60,0,0,0,20,0,20,210427,210615,,,,,
피아노페다고지I,34838,이희승,1,2,4647,4647,60,0,10,0,20,10,0,210415,210617,,,,,
성악전공실기I,34840,윤명자,1,2,,null,100,0,0,0,0,0,0,,,,,,,
성악전공실기I,34840,신지화,2,2,,null,100,0,0,0,0,0,0,,,,,,,
성악전공실기I,34840,김은희,3,2,,null,100,0,0,0,0,0,0,,,,,,,
성악전공실기I,34840,김미성,4,2,,null,100,0,0,0,0,0,0,,,,,,,
성악전공실기I,34840,박지영,5,2,,null,100,0,0,0,0,0,0,,,,,,,
성악전공실기I,34840,서회수,6,2,,null,100,0,0,0,0,0,0,,,,,,,
성악전공실기I,34840,신승아,7,2,,null,90,0,0,0,0,10,0,,,,,,,
성악전공실기I,34840,송혜진,8,2,,null,100,0,0,0,0,0,0,,,,,,,
성악전공실기I,34840,백재은,9,2,,null,100,0,0,0,0,0,0,,,,,,,
성악전공실기I,34840,여지영,10,2,,null,100,0,0,0,0,0,0,,,,,,,
성악전공실기I,34840,윤현정,11,2,,null,100,0,0,0,0,0,0,,,,,,,
성악전공실기I,34840,조은혜,12,2,,null,100,0,0,0,0,0,0,,,,,,,
성악전공실기I,34840,한나형,13,2,,null,100,0,0,0,0,0,0,,,,,,,
성악전공실기I,34840,이정은,14,2,,null,100,0,0,0,0,0,0,,,,,,,
성악전공실기I,34840,구민영,15,2,,null,100,0,0,0,0,0,0,,,,,,,
성악전공실기III,34842,윤명자,1,2,,null,100,0,0,0,0,0,0,,,,,,,
성악전공실기III,34842,신지화,2,2,,null,100,0,0,0,0,0,0,,,,,,,
성악전공실기III,34842,김은희,3,2,,null,100,0,0,0,0,0,0,,,,,,,
성악전공실기III,34842,양귀비,4,2,,null,100,0,0,0,0,0,0,,,,,,,
성악전공실기III,34842,김미성,5,2,,null,100,0,0,0,0,0,0,,,,,,,
성악전공실기III,34842,이지현,6,2,,null,100,0,0,0,0,0,0,,,,,,,
성악전공실기III,34842,서회수,7,2,,null,100,0,0,0,0,0,0,,,,,,,
성악전공실기III,34842,권미현,8,2,,null,100,0,0,0,0,0,0,,,,,,,
성악전공실기III,34842,신승아,9,2,,null,100,0,0,0,0,0,0,,,,,,,
성악전공실기III,34842,송혜진,10,2,,null,100,0,0,0,0,0,0,,,,,,,
성악전공실기III,34842,백재은,11,2,,null,100,0,0,0,0,0,0,,,,체AHI,,,
성악전공실기III,34842,김민지,12,2,,null,100,0,0,0,0,0,0,,,,체AHI,,,
성악전공실기III,34842,구민영,13,2,,null,100,0,0,0,0,0,0,,,,체AHI,,,
성악전공실기V,34844,윤명자,1,2,,null,100,0,0,0,0,0,0,,,,체CHV,,,
성악전공실기V,34844,신지화,2,2,,null,100,0,0,0,0,0,0,,,,체AHI,,,
성악전공실기V,34844,김은희,3,2,,null,100,0,0,0,0,0,0,,,,체AHI,,,
성악전공실기V,34844,양귀비,4,2,,null,100,0,0,0,0,0,0,,,,체B202,,,
성악전공실기V,34844,박지영,5,2,,null,100,0,0,0,0,0,0,,,,체AHI,,,
성악전공실기V,34844,이지현,6,2,,null,100,0,0,0,0,0,0,,,,체AHI,,,
성악전공실기V,34844,변수영,7,2,,null,100,0,0,0,0,0,0,,,,체CHIV,,,
성악전공실기V,34844,윤진희,8,2,,null,90,0,0,0,0,10,0,,,,체B202,,,
성악전공실기V,34844,송혜진,9,2,,null,100,0,0,0,0,0,0,,,,체B202,,,
성악전공실기V,34844,김민지,10,2,,null,100,0,0,0,0,0,0,,,,체CHV,,,
성악전공실기V,34844,여지영,11,2,,null,100,0,0,0,0,0,0,,,,체AHI,,,
성악전공실기V,34844,조은혜,12,2,,null,100,0,0,0,0,0,0,,,,체AHI,,,
성악전공실기V,34844,이정은,13,2,,null,100,0,0,0,0,0,0,,,,체B202,,,
성악전공실기VII,34846,윤명자,1,2,,null,100,0,0,0,0,0,0,,,,,,,
성악전공실기VII,34846,신지화,2,2,,null,100,0,0,0,0,0,0,,,,,,,
성악전공실기VII,34846,김은희,3,2,,null,100,0,0,0,0,0,0,,,,,,,
성악전공실기VII,34846,양귀비,4,2,,null,100,0,0,0,0,0,0,,,,,,,
성악전공실기VII,34846,권미현,5,2,,null,100,0,0,0,0,0,0,,,,,,,
성악전공실기VII,34846,신승아,6,2,,null,100,0,0,0,0,0,0,,,,,,,
성악전공실기VII,34846,변수영,7,2,,null,100,0,0,0,0,0,0,,,,,,,
성악전공실기VII,34846,윤진희,8,2,,null,90,0,0,0,0,1,0,,,,,,,
성악전공실기VII,34846,백재은,9,2,,null,100,0,0,0,0,0,0,,,,,,,
성악전공실기VII,34846,김민지,10,2,,null,100,0,0,0,0,0,0,,,,,,,
성악전공실기VII,34846,여지영,11,2,,null,100,0,0,0,0,0,0,,,,,,,
성악전공실기VII,34846,조은혜,12,2,,null,100,0,0,0,0,0,0,,,,,,,
이태리어딕션,34848,서회수,1,1,22,22,80,0,0,0,0,0,20,210427,210615,,,,,
독어딕션II,34851,한나형,1,1,22,22,50,0,10,0,20,0,20,210413,210608,,,,,
전공합창I,34852,박신화,1,1,17,17,100,0,0,0,0,0,0,,,,,,,
전공합창I,34852,박신화,2,1,35,35,100,0,0,0,0,0,0,,,,,,,
전공합창III,34854,박신화,1,1,16,16,100,0,0,0,0,0,0,,,,,,,
불어딕션II,34857,김보람,1,1,34,34,50,0,10,10,10,20,0,210421,210616,,,,,
성악문헌I,34858,박이연,1,2,5455,5455,100,0,0,0,0,0,0,,,,,,,
English Diction,34860,김은희,1,1,53,53,70,0,20,0,0,10,0,,,,,,,
스페인어딕션,34862,김미성,1,1,34,34,26,0,30,0,20,24,0,210414,210616,,,,,
무용영상음악,34869,송향숙,1,2,5556,5556,100,0,0,0,0,0,0,,,,,,,
폐수처리공학,34882,김동수,1,3,3352,3352,100,0,0,0,0,0,0,,,,,,,
스포츠의학,34892,박주희,1,3,1332,1332,100,0,0,0,0,0,0,,,,,,,
무용양식연구,34910,나수진,1,3,1353,1353,100,0,0,0,0,0,0,,,,,,,
몸과움직임읽기,34911,유화정,1,3,3655,3655,100,0,0,0,0,0,0,,,,,,,
프랑스언어학기초,34915,이수미,1,3,2455,2455,100,0,0,0,0,0,0,,,,,,,
기본간호학,34924,박효정,1,1.5,24,24,100,0,0,0,0,0,0,,,,,,,
기본간호학,34924,박효정,2,1.5,25,25,100,0,0,0,0,0,0,,,,,,,
성인건강간호학I실습,34929,"김옥수/

방양희/

정현선/

단현주",1,1.5,,null,100,0,0,0,0,0,0,,,,,,,
정신건강간호학Ⅰ실습,34930,"조성희/

길민지",1,1.5,,null,100,0,0,0,0,0,0,,,,,,,
모성건강간호학Ⅰ실습,34931,"안기주/

민혜영/

진선미",1,1.5,,null,100,0,0,0,0,0,0,,,,,,,
아동건강간호학Ⅱ실습,34932,"신혜원/

장은영/

이혜림/

강소라",1,1.5,,null,100,0,0,0,0,0,0,,,,,,,
성인건강간호학Ⅲ실습,34936,"차지영/

이미란/

박송이",1,1.5,,null,100,0,0,0,0,0,0,,,,,,,
지역사회건강간호학Ⅰ실습,34937,"양숙자/

차효성/

김성남",1,1.5,,null,100,0,0,0,0,0,0,,,,,,,
교육방법및교육공학,34944,임지영,1,2,1617,1617,100,0,0,0,0,0,0,,,,,,,
교육방법및교육공학,34944,김주연,2,2,3637,3637,100,0,0,0,0,0,0,,,,,,,
교육사회학,34945,장은지,1,2,2223,2223,100,0,0,0,0,0,0,,,,,,,
교육사회학,34945,유영미,2,2,1415,1415,100,0,0,0,0,0,0,,,,,,,
교육사회학,34945,유영미,3,2,3435,3435,100,0,0,0,0,0,0,,,,,,,
교육사회학,34945,"함자영/

장은지",4,2,4445,4445,100,0,0,0,0,0,0,,,,,,,
교육사회학,34945,한세리,5,2,4243,4243,100,0,0,0,0,0,0,,,,,,,
교육심리학,34946,이소영,1,2,5253,5253,60,0,20,0,10,10,0,210416,210618,,,,,
교육심리학,34946,이선아,2,2,2223,2223,100,0,0,0,0,0,0,,,,,,,
교육심리학,34946,이선아,3,2,4243,4243,100,0,0,0,0,0,0,,,,,,,
교육심리학,34946,이소영,4,2,1213,1213,60,0,20,0,10,10,0,210419,210621,,,,,
교육심리학,34946,이소영,5,2,1415,1415,60,0,20,0,10,10,0,210419,210621,,,,,
교육철학및교육사,34947,조정아,1,2,2223,2223,100,0,0,0,0,0,0,,,,,,,
교육철학및교육사,34947,전제아,2,2,2627,2627,100,0,0,0,0,0,0,,,,,,,
교육철학및교육사,34947,조정아,3,2,3233,3233,100,0,0,0,0,0,0,,,,,,,
교육철학및교육사,34947,송수연,5,2,3435,3435,100,0,0,0,0,0,0,,,,,,,
교육행정및교육경영,34948,정예화,1,2,2223,2223,100,0,0,0,0,0,0,,,,,,,
교육행정및교육경영,34948,선미숙,2,2,3233,3233,100,0,0,0,0,0,0,,,,,,,
교육행정및교육경영,34948,이언조,3,2,4647,4647,100,0,0,0,0,0,0,,,,,,,
교육행정및교육경영,34948,최정희,4,2,5657,5657,100,0,0,0,0,0,0,,,,,,,
교육행정및교육경영,34948,최정희,5,2,1213,1213,100,0,0,0,0,0,0,,,,,,,
상담과생활지도,34950,김서정,1,2,2425,2425,100,0,0,0,0,0,0,,,,,,,
상담과생활지도,34950,김서정,2,2,2627,2627,100,0,0,0,0,0,0,,,,,,,
상담과생활지도,34950,임이랑,3,2,5253,5253,100,0,0,0,0,0,0,,,,,,,
상담과생활지도,34950,송지연,4,2,4243,4243,100,0,0,0,0,0,0,,,,,,,
상담과생활지도,34950,송지연,5,2,4445,4445,100,0,0,0,0,0,0,,,,,,,
특수교육의이해,34951,한경인,1,2,4243,4243,100,0,0,0,0,0,0,,,,,,,
특수교육의이해,34951,장지은,2,2,2627,2627,100,0,0,0,0,0,0,,,,,,,
특수교육의이해,34951,안의정,3,2,2425,2425,100,0,0,0,0,0,0,,,,,,,
특수교육의이해,34951,심은정,4,2,4748,4748,100,0,0,0,0,0,0,,,,,,,
특수교육의이해,34951,이소영,5,2,3233,3233,100,0,0,0,0,0,0,,,,,,,
사회복지실천론,34952,양옥경,1,3,1635,1635,100,0,0,0,0,0,0,,,,,,,
사회복지행정론,34960,조상미,1,3,3637,3637,100,0,0,0,0,0,0,,,,,,,
사회복지법제와실천,34963,"최승원/

성윤희",1,3,4647,4647,100,0,0,0,0,0,0,,,,,,,
정신건강론,34970,류은정,1,3,2425,2425,100,0,0,0,0,0,0,,,,,,,
English Presentation and Debate,34975,Peter Kipp,1,3,2644,2644,100,0,0,0,0,0,0,,,,,,,
확률및통계학,34980,오만숙,1,3,1635,1635,100,0,0,0,0,0,0,,,,,,,
확률및통계학,34980,송수민,2,3,2455,2455,80,0,0,0,10,10,0,210427,210604,,,,,
확률및통계학,34980,문온,3,3,1445,1445,100,0,0,0,0,0,0,,,,,,,
확률및통계학,34980,오만숙,1,3,1635,1635,100,0,0,0,0,0,0,,,,,,,
확률및통계학,34980,송수민,2,3,2455,2455,80,0,0,0,10,10,0,210427,210604,,,,,
확률및통계학,34980,문온,3,3,1445,1445,100,0,0,0,0,0,0,,,,,,,
색채조형,34988,이재훈,1,3,3536,3536,100,0,0,0,0,0,0,,,,,,,
색채조형,34988,이재훈,2,3,2526,2526,100,0,0,0,0,0,0,,,,,,,
서예와전각,34989,이종목,1,3,4546,4546,60,0,30,0,0,10,0,,,,,,,
서예와전각,34989,이은경,2,3,1516,1516,60,0,0,0,30,10,0,,,,,,,
현대회화I,34990,안국주,1,3,2324,2324,70,0,10,0,0,10,10,,,,,,,
예술과인문학,34993,김애령,1,3,1314,1314,100,0,0,0,0,0,0,,,,,,,
공간디자인스튜디오,34995,최정아,1,3,3233,3233,0,0,20,40,20,20,0,,,,,,,
인테리어디자인과재료,34998,유연숙,1,3,1213,1213,0,0,20,0,70,0,10,,,,,,,
타이포그래피I,35000,박수진,1,3,4445,4445,0,0,20,60,0,20,0,,,,,,,
타이포그래피I,35000,노은유,2,3,3233,3233,60,0,10,0,10,20,0,,,,,,,
타이포그래피I,35000,이수진,3,3,2526,2526,100,0,0,0,0,0,0,,,,,,,
타이포그래피I,35000,양희재,4,3,5253,5253,0,0,30,50,20,0,0,,,,,,,
타이포그래피I,35000,노은유,5,3,3536,3536,60,0,10,0,10,20,0,,,"중간발표: 2021/03/26(금), 기말발표: 2021/05/21(금)",,,,
그래픽디자인,35007,홍성주,1,3,2526,2526,0,0,0,30,20,20,10,,,,,,,
그래픽디자인,35007,양정은,2,3,5354,5354,0,0,30,30,30,10,0,,,"중간발표: 2021/03/26(금), 기말발표: 2021/05/21(금)",,,,
그래픽디자인,35007,이화영,3,3,5556,5556,100,0,0,0,0,0,0,,,,,,,
그래픽디자인,35007,양정은,4,3,5556,5556,0,0,30,30,30,10,0,,,,,,,
그래픽디자인,35007,홍성주,1,3,2526,2526,0,0,0,30,20,20,10,,,,,,,
그래픽디자인,35007,양정은,2,3,5354,5354,0,0,30,30,30,10,0,210326,210521,,,,,
그래픽디자인,35007,이화영,3,3,5556,5556,100,0,0,0,0,0,0,,,중간발표: 2021/04/30(금),,,,
그래픽디자인,35007,양정은,4,3,5556,5556,0,0,30,30,30,10,0,210326,210521,,,,,
그래픽디자인졸업연구I,35013,유윤석,1,3,5253,5253,0,0,0,60,0,30,10,,,,,,,
그래픽디자인졸업연구I,35013,조현열,2,3,5556,5556,0,0,0,70,0,30,0,,,Final Presentation: 2021/06/16(수),,,,
그래픽디자인졸업연구I,35013,오혜진,3,3,5253,5253,0,0,0,80,0,20,0,,,,,,,
관찰과상상,35017,이혜선,1,3,3536,3536,0,0,20,80,0,0,0,,,,,,,
프로덕트패키지디자인,35018,조영식,1,3,1314,1314,0,0,30,10,30,10,20,,,중간발표: 2021/05/14(금),,,,
머테리얼플레이(캡스톤디자인),35022,김자영,1,3,2324,2324,100,0,0,0,0,0,0,,,,,,,
머테리얼플레이(캡스톤디자인),35022,구병준,2,3,5354,5354,60,0,20,0,10,10,0,210416,,,,,,
디자인리서치,35023,김세희,1,3,3637,3637,30,10,20,20,10,10,0,,,,,,,
디자인리서치,35023,류기정,2,3,3738,3738,100,0,0,0,0,0,0,,,,,,,
피지컬인터랙션,35024,이승희,1,3,1516,1516,100,0,0,0,0,0,0,,,,,,,
프로덕트디자인졸업연구I,35027,이기오,1,3,3233,3233,0,0,15,70,0,0,15,,,,,,,
패션아트프로젝트,35036,남윤진,1,3,1517,1517,100,0,0,0,0,0,0,,,,,,,
패션디알로그,35038,이은정,1,3,4546,4546,100,0,0,0,0,0,0,,,,,,,
위빙,35041,전경화,1,3,1314,1314,60,0,10,0,10,20,0,,,,,,,
오프룸위빙,35042,오화진,1,3,4546,4546,0,0,0,0,60,10,30,,,작업보고서제출: 2021/06/21(월),,,,
현대자수디자인,35045,안은선,1,3,3536,3536,100,0,0,0,0,0,0,,,,,,,
현대자수디자인,35045,전경화,2,3,1516,1516,60,0,10,0,10,20,0,,,기말발표: 2021/06/03(목),,,,
현대타피스트리,35046,윤순란,1,3,2526,2526,0,0,10,60,10,0,20,,,,,,,
자연염색과한국의색,35047,민호선,1,3,4243,4243,0,0,0,30,30,20,20,210415,,"중간발표: 2021/04/15(목), 기말발표: 2021/06/10(목)",,,,
섬유이노베이션I,35050,차영순,1,3,2526,2526,100,0,0,0,0,0,0,,,"중간발표: 2021/04/19(월), 기말발표: 2021/06/21(월)",,,,
섬유조형스튜디오I,35051,윤순란,1,3,4546,4546,0,0,10,60,10,0,20,,,,,,,
섬유디자인워크샵I,35052,이수인,1,3,1516,1516,0,0,10,70,10,0,10,,,,,,,
제형도자I,35056,김주연,1,3,1516,1516,60,0,5,0,5,30,0,,,,,,,
제형도자I,35056,김주연,2,3,3536,3536,60,0,5,0,5,30,0,,,,,,,
형태탐구I,35058,김미경,1,3,1516,1516,100,0,0,0,0,0,0,,,,,,,
형태탐구I,35058,김지혜,2,3,2223,2223,100,0,0,0,0,0,0,,,,,,,
성형과장식I,35060,조은미,1,3,2223,2223,100,0,0,0,0,0,0,,,,,,,
성형과장식I,35060,조은미,2,3,2526,2526,100,0,0,0,0,0,0,,,,,,,
미국정치,35064,이종곤,1,3,2644,2644,100,0,0,0,0,0,0,,,,,,,
지방자치론,35071,조정래,1,3,1332,1332,100,0,0,0,0,0,0,,,,,,,
서양철학입문,35073,이영환,1,3,2342,2342,100,0,0,0,0,0,0,,,,,,,
여성주의철학,35080,이지영,1,3,2756,2756,100,0,0,0,0,0,0,,,,,,,
응용계량경제학,35087,송호신,1,3,1635,1635,100,0,0,0,0,0,0,,,,,,,
심리측정및검사,35096,서영숙,1,3,5455,5455,100,0,0,0,0,0,0,,,,,,,
유아및아동발달,35097,양수진,1,3,2644,2644,100,0,0,0,0,0,0,,,,,,,
유아및아동발달,35097,최해훈,2,3,3233,3233,100,0,0,0,0,0,0,,,,,,,
News Reporting & Writing,35104,윤화진,1,3,3435,3435,100,0,0,0,0,0,0,,,,,,,
광고카피라이팅,35119,박현정,1,3,1617,1617,60,0,10,30,0,0,0,210426,210614,,,,,
광고캠페인,35123,이하나,1,3,1445,1445,100,0,0,0,0,0,0,,,,,,,
대중문화연구,35133,이재원,1,3,2546,2546,100,0,0,0,0,0,0,,,,,,,
방송스피치,35134,이규원,1,3,2829,2829,30,0,30,0,20,15,5,210420,,,,,,
서양의역사와문화,35136,노경덕,1,3,1445,1445,100,0,0,0,0,0,0,,,,,,,
한국근대사의전개,35139,정병준,1,3,1534,1534,100,0,0,0,0,0,0,,,,,,,
근대중국의개혁과혁명,35140,손장훈,1,3,3151,3151,100,0,0,0,0,0,0,,,,,,,
중국문명의성립과전개,35143,최해별,1,3,2455,2455,100,0,0,0,0,0,0,,,,,,,
한국중세사회와문화,35145,김영미,1,3,1332,1332,100,0,0,0,0,0,0,,,,,,,
한국여성생활문화사,35150,백옥경,1,3,1243,1243,100,0,0,0,0,0,0,,,,,,,
중세유럽의형성과봉건사회,35153,남종국,1,3,3654,3654,100,0,0,0,0,0,0,,,,,,,
한국인의삶과사상,35157,김영미,1,3,1445,1445,100,0,0,0,0,0,0,,,,,,,
신약성서의세계,35160,박경미,1,3,1534,1534,100,0,0,0,0,0,0,,,,,,,
교육학개론,35172,윤혜경,1,2,4445,4445,100,0,0,0,0,0,0,,,,,,,
교육학개론,35172,박세영,2,2,1617,1617,100,0,0,0,0,0,0,,,,,,,
교육학개론,35172,윤혜경,3,2,3435,3435,100,0,0,0,0,0,0,,,,,,,
교육학개론,35172,김신애,4,2,2223,2223,60,25,0,0,0,15,0,210420,210601,,,,,
아동과가족관계이해,35179,임고운,1,3,2627,2627,100,0,0,0,0,0,0,,,,,,,
초등종교및도덕기초이론,35180,강미영,1,3,2627,2627,100,0,0,0,0,0,0,,,,,,,
초등영어기초이론,35182,정혜영,1,3,4243,4243,100,0,0,0,0,0,0,,,,,,,
학습환경설계,35196,윤성혜,1,3,1445,1445,100,0,0,0,0,0,0,,,,,,,
Film and Literature,35199,이형숙,1,3,1243,1243,100,0,0,0,0,0,0,,,,,,,
현대영미드라마,35201,강태경,1,3,1534,1534,100,0,0,0,0,0,0,,,,,,,
현대시와사회,35207,황준호,1,3,2342,2342,100,0,0,0,0,0,0,,,,,,,
현대시와사회,35207,황준호,2,3,2644,2644,100,0,0,0,0,0,0,,,,,,,
현대시와사회,35207,황준호,1,3,2342,2342,100,0,0,0,0,0,0,,,,,,,
현대시와사회,35207,황준호,2,3,2644,2644,100,0,0,0,0,0,0,,,,,,,
현대중국의문화와사회,35217,홍석표,1,3,1445,1445,100,0,0,0,0,0,0,,,,,,,
현대중국의문화와사회,35217,김정구,2,3,2644,2644,100,0,0,0,0,0,0,,,,,,,
현대중국의문화와사회,35217,홍석표,1,3,1445,1445,100,0,0,0,0,0,0,,,,,,,
현대중국의문화와사회,35217,김정구,2,3,2644,2644,100,0,0,0,0,0,0,,,,,,,
중국전통소설,35221,송정화,1,3,2455,2455,100,0,0,0,0,0,0,,,,교B253,,,
중국현대문학사,35223,김혜주,1,3,2644,2644,100,0,0,0,0,0,0,,,,,,,
프랑스시의세계,35235,조윤경,1,3,1635,1635,100,0,0,0,0,0,0,,,,교B253,,,
소설로보는프랑스역사,35236,송기정,1,3,2644,2644,100,0,0,0,0,0,0,,,,교B253,,,
현대프랑스소설,35242,권은미,1,3,2342,2342,100,0,0,0,0,0,0,,,,,,,
프랑스어의미와활용,35243,서옥원,1,3,2546,2546,100,0,0,0,0,0,0,,,,,,,
프랑스영화,35244,김도훈,1,3,2455,2455,100,0,0,0,0,0,0,,,,교B253,,,
독일어회화I,35250,Jan Creutzenberg,1,3,1445,1445,50,10,20,0,0,10,10,210422,210610,,교B253,,,
독일어회화I,35250,홍수진,2,3,1445,1445,50,10,20,0,0,10,10,210422,210610,,교B253,,,
독일문화비평,35266,최성만,1,3,2644,2644,100,0,0,0,0,0,0,,,,,,,
중도∙중복장애학생교육,35279,이영선,1,3,5354,5354,25,0,10,30,20,15,0,210416,,,,,,
유아특수교육과정및교수방법,35280,허수연,1,3,4647,4647,100,0,0,0,0,0,0,,,,,,,
장애학생가족지원,35284,박지연,1,3,2425,2425,100,0,0,0,0,0,0,,,,,,,
해석학개론I,35288,윤정호,1,3,1635,1635,100,0,0,0,0,0,0,,,,,,,
유한수학및프로그래밍,35289,이준엽,1,3,1332,1332,100,0,0,0,0,0,0,,,,,,,
복소해석학I,35291,고응일,1,3,2546,2546,100,0,0,0,0,0,0,,,,,,,
암호론,35294,이향숙,1,3,1534,1534,100,0,0,0,0,0,0,,,,,,,
실변수함수론,35296,곽철광,1,3,2342,2342,100,0,0,0,0,0,0,,,,,,,
베이지안통계및실습,35301,유재근,1,3,1332,1332,100,0,0,0,0,0,0,,,,,,,
동물다양성,35308,박중기,1,3,2644,2644,100,0,0,0,0,0,0,,,,,,,
통신이론,35323,김낙명,1,3,2644,2644,100,0,0,0,0,0,0,,,,,,,
반도체공학II,35324,신형순,1,3,2342,2342,100,0,0,0,0,0,0,,,,,,,
전자회로I,35328,박성민,1,3,1445,1445,80,15,0,0,0,0,5,210510,210614,,교A406,,,
환경공학개론,35335,박석순,1,3,2253,2253,100,0,0,0,0,0,0,,,기말고사피드백: 2021/06/14(월),,,,
객체지향프로그래밍,35339,최윤정,1,3,1243,1243,60,0,0,0,20,10,0,210419,210610,,교A406,,,
객체지향프로그래밍,35339,김지현,2,3,1332,1332,80,5,0,0,15,0,0,210426,210614,,교A406,,,
객체지향프로그래밍,35339,김지현,3,3,1635,1635,80,5,0,0,15,0,0,210426,210614,,,,,
객체지향프로그래밍,35339,이경은,4,3,2455,2455,80,0,0,0,10,10,0,210420,210611,,교A406,,,
객체지향프로그래밍,35339,안영아,5,3,3654,3654,100,0,0,0,0,0,0,,,,교B154,,,
객체지향프로그래밍,35339,최윤정,1,3,1243,1243,60,0,0,0,20,10,0,210419,210610,,,,,
객체지향프로그래밍,35339,김지현,2,3,1332,1332,80,5,0,0,15,0,0,210426,210614,,교A406,,,
객체지향프로그래밍,35339,김지현,3,3,1635,1635,80,5,0,0,15,0,0,210426,210614,,교B251,,,
객체지향프로그래밍,35339,이경은,4,3,2455,2455,80,0,0,0,10,10,0,210420,210611,,교B251,,,
객체지향프로그래밍,35339,안영아,5,3,3654,3654,100,0,0,0,0,0,0,,,,,,,
오페라워크숍I,35341,정선영,1,2,1213,1213,100,0,0,0,0,0,0,,,,,,,
컴퓨터음악I,35344,전현석,1,2,3536,3536,60,0,0,20,0,20,0,210421,210623,기말발표: 2021/06/16(수),,,,
디지털패브릭디자인,35355,이수인,1,3,4243,4243,0,0,10,70,10,0,10,,,,,,,
디지털패브릭디자인,35355,서윤정,2,3,3536,3536,40,0,10,0,30,20,0,,,,,,,
마케팅조사,35359,배재현,1,3,1534,1534,100,0,0,0,0,0,0,,,,,,,
마케팅조사,35359,배재현,2,3,1445,1445,100,0,0,0,0,0,0,,,,,,,
마케팅조사,35359,김용준,3,3,2644,2644,100,0,0,0,0,0,0,,,,,,,
마케팅조사,35359,배재현,1,3,1534,1534,100,0,0,0,0,0,0,,,,,,,
마케팅조사,35359,배재현,2,3,1445,1445,100,0,0,0,0,0,0,,,,,,,
마케팅조사,35359,김용준,3,3,2644,2644,100,0,0,0,0,0,0,,,,,,,
데이터베이스와빅데이터컴퓨팅,35362,김경민,1,3,1332,1332,100,0,0,0,0,0,0,,,,교A404,,,
전략경영,35365,김봉진,1,3,2342,2342,100,0,0,0,0,0,0,,,,교A404,,,
전략경영,35365,최승호,2,3,1445,1445,100,0,0,0,0,0,0,,,,교A404,,,
전략경영,35365,김영미,3,3,2342,2342,100,0,0,0,0,0,0,,,,교A410,,,
영유아발달,35367,오혜진,1,3,1332,1332,100,0,0,0,0,0,0,,,,교A408,,,
소비자재무설계,35370,주소현,1,3,2455,2455,100,0,0,0,0,0,0,,,,교A404,,,
소비심리론,35374,이훈지,1,3,1332,1332,100,0,0,0,0,0,0,,,,교A404,,,
소비자법과정책,35377,박나영,1,3,2253,2253,100,0,0,0,0,0,0,,,,교B254,,,
테일러링,35379,김수아,1,3,2425,2425,100,0,0,0,0,0,0,,,,교A402,,,
테일러링,35379,김금화,2,3,4243,4243,100,0,0,0,0,0,0,,,,교A408,,,
패션CAD,35381,김동은,1,3,3334,3334,100,0,0,0,0,0,0,,,,교A408,,,
패션CAD,35381,유은주,2,3,2627,2627,100,0,0,0,0,0,0,,,,교A402,,,
한국조리실습,35386,박보경,1,3,2324252627,2324252627,100,0,0,0,0,0,0,,,,교A402,,,
코칭론,35397,김영주,1,3,1534,1534,100,0,0,0,0,0,0,,,,교A402,,,
교육실습(중등),35402,오영찬,1,2,,null,100,0,0,0,0,0,0,,,,교A408,,,
English & American Fiction and EFL,35407,박시영,1,3,1534,1534,100,0,0,0,0,0,0,,,,교A402,,,
GIS기초,35419,강영옥,1,3,1534,1534,100,0,0,0,0,0,0,,,,교A402,,,
일반역학및실험I,35435,공진욱,1,3,1334,1334,100,0,0,0,0,0,0,,,,교A414,,,
전기와자기및실험II,35440,김아람,1,3,4243,4243,100,0,0,0,0,0,0,,,2차중간고사: 2021/05/06(목),,,,
양자물리및실험I,35442,공진욱,1,3,1433,1433,100,0,0,0,0,0,0,,,,,,,
현대광학과파동,35443,강유리,1,3,2345,2345,75,10,0,0,10,5,0,210401,210615,,교B251,,,
식물생리학및실험,35451,이유,1,3,5556,5556,80,0,0,0,0,20,0,210423,210618,,,,,
천체물리학개론,35458,한상일,1,3,5556,5556,60,0,10,0,10,20,0,210416,210611,,교B251,,,
수학논리및집합이론,35460,이인협,1,3,2455,2455,100,0,0,0,0,0,0,,,,,,,
해석개론I,35461,이인협,1,3,1243,1243,100,0,0,0,0,0,0,,,,,,,
현대대수학,35466,노선숙,1,3,2644,2644,100,0,0,0,0,0,0,,,,,,,
보건커뮤니케이션,35470,"이자경/

김혜경",1,3,3334,3334,100,0,0,0,0,0,0,,,,,,,
보건통계,35472,안정훈,1,3,2644,2644,60,20,0,0,10,10,0,,,,,,,
국어교과교육론,35479,전영주,1,3,4445,4445,100,0,0,0,0,0,0,,,,,,,
종교교과교육론,35480,이주아,1,3,1243,1243,0,0,40,0,50,10,0,210426,210614,,,,,
철학교과교육론,35481,이지애,1,3,2223,2223,100,0,0,0,0,0,0,,,,,,,
영어교과교육론,35483,이승아,1,3,2455,2455,100,0,0,0,0,0,0,,,,,,,
독일어교과교육론,35485,유수연,1,3,1617,1617,100,0,0,0,0,0,0,,,,,,,
수학교과교육론,35487,홍예윤,1,3,3435,3435,100,0,0,0,0,0,0,,,,교A414,,,
음악교과교육론,35493,신지혜,1,3,3233,3233,100,0,0,0,0,0,0,,,,,,,
미술교과교육론,35494,김효정,1,3,1516,1516,100,0,0,0,0,0,0,,,,,,,
체육교과교육론,35496,박지영,1,3,2546,2546,100,0,0,0,0,0,0,,,,교A414,,,
교육실습(중등),35526,"김남희/

오영찬",1,2,,null,100,0,0,0,0,0,0,,,,캠B143,,,
교육실습(중등),35526,"소효정/

오영찬",2,2,,null,100,0,0,0,0,0,0,,,,,,,
교육실습(중등),35526,"이은주/

오영찬",3,2,,null,100,0,0,0,0,0,0,,,,교B154,,,
교육실습(중등),35526,"최민식/

오영찬",4,2,,null,100,0,0,0,0,0,0,,,,교BB155,,,
교육실습(중등),35526,"김은성/

오영찬",5,2,,null,100,0,0,0,0,0,0,,,,,,,
교육실습(중등),35526,"임미연/

오영찬",6,2,,null,100,0,0,0,0,0,0,,,,,,,
교육실습(중등),35526,"이인협/

오영찬",7,2,,null,100,0,0,0,0,0,0,,,,,,,
교육실습II,35527,"오영찬/

박지선",1,2,,null,100,0,0,0,0,0,0,,,,,,,
교육실습(유치원),35528,"박은혜/

오영찬",1,2,,null,100,0,0,0,0,0,0,,,,캠B143,,,
교육실습(특수학교),35529,"박지연/

오영찬",1,2,,null,100,0,0,0,0,0,0,,,,,,,
교육학교과교육론,35530,우라미,1,3,4243,4243,100,0,0,0,0,0,0,,,,,,,
초등교과교육론,35534,조미경,1,3,1415,1415,100,0,0,0,0,0,0,,,,,,,
초등교과교육론,35534,조미경,2,3,1617,1617,100,0,0,0,0,0,0,,,,,,,
영어교과교육론,35538,이은주,1,3,1332,1332,100,0,0,0,0,0,0,,,,,,,
영어교과교육론,35538,신상근,2,3,1534,1534,100,0,0,0,0,0,0,,,,,,,
통합사회교과교육론,35540,김예지,1,3,5455,5455,100,0,0,0,0,0,0,,,,,,,
통합사회교과교재연구및지도법,35541,함경림,1,3,2627,2627,100,0,0,0,0,0,0,,,,,,,
통합과학교과교육론,35548,고연주,1,3,1535,1535,100,0,0,0,0,0,0,,,,,,,
통합과학교과교육론,35548,고연주,2,3,1636,1636,100,0,0,0,0,0,0,,,,,,,
통합과학교과교육론,35548,고연주,1,3,1535,1535,100,0,0,0,0,0,0,,,,교BB154,,,
통합과학교과교육론,35548,고연주,2,3,1636,1636,100,0,0,0,0,0,0,,,,,,,
수학교과교재연구및지도법,35555,이종희,1,3,1655,1655,100,0,0,0,0,0,0,,,,교BB154,,,
수학교과교재연구및지도법,35555,홍예윤,2,3,4546,4546,100,0,0,0,0,0,0,,,,교B153,,,
소비자만족경영,35566,고화정,1,3,1617,1617,100,0,0,0,0,0,0,,,,,,,
Reading and Writing Non-Fiction,35573,Karen Muckenhirn,1,3,3654,3654,100,0,0,0,0,0,0,,,,교A313,,,
Reading and Writing Non-Fiction,35573,Karen Muckenhirn,2,3,2756,2756,100,0,0,0,0,0,0,,,,,,,
Reading and Writing Non-Fiction,35573,Karen Muckenhirn,1,3,3654,3654,100,0,0,0,0,0,0,,,,,,,
Reading and Writing Non-Fiction,35573,Karen Muckenhirn,2,3,2756,2756,100,0,0,0,0,0,0,,,,,,,
영문학입문,35576,"신희섭/

황수경/

정영진",1,3,2455,2455,100,0,0,0,0,0,0,,,,교B153,,,
영문학입문,35576,"정영진/

신희섭/

황수경",2,3,2455,2455,100,0,0,0,0,0,0,,,,교B461,,,
영문학입문,35576,"황수경/

신희섭/

정영진",3,3,2455,2455,100,0,0,0,0,0,0,,,,,,,
영문학입문,35576,박찬길,4,3,1445,1445,100,0,0,0,0,0,0,,,,,,,
영문학입문,35576,"신희섭/

황수경/

정영진",1,3,2455,2455,100,0,0,0,0,0,0,,,,,,,
영문학입문,35576,"정영진/

신희섭/

황수경",2,3,2455,2455,100,0,0,0,0,0,0,,,,,,,
영문학입문,35576,"황수경/

신희섭/

정영진",3,3,2455,2455,100,0,0,0,0,0,0,,,,,,,
영문학입문,35576,박찬길,4,3,1445,1445,100,0,0,0,0,0,0,,,,교B461,,,
프랑스어의사소통문화,35594,한민주,1,3,1534,1534,100,0,0,0,0,0,0,,,,,,,
중국어교과교육론,35619,엄지,1,3,1534,1534,100,0,0,0,0,0,0,,,,교B154,,,
사회교과교육론,35620,이방원,1,3,2226,2226,100,0,0,0,0,0,0,,,,,,,
과학교과교육론,35621,고연주,1,3,1535,1535,100,0,0,0,0,0,0,,,,,,,
공예교과교육론,35623,홍승은,1,3,3334,3334,100,0,0,0,0,0,0,,,,,,,
중급회계I,35628,박소라,1,3,1532,1532,100,0,0,0,0,0,0,,,,교B351,,,
중급회계I,35628,김재영,2,3,2342,2342,75,0,0,0,15,10,0,210420,210610,,교BB154,,,
중급회계I,35628,정동진,3,3,3352,3352,100,0,0,0,0,0,0,,,,교B351,,,
Business Communication,35629,전지현,1,3,2546,2546,100,0,0,0,0,0,0,,,,교B153,,,
Business Communication,35629,Marc Neufeld,2,3,2644,2644,100,0,0,0,0,0,0,,,,,,,
Business Communication,35629,Marc Neufeld,3,3,1534,1534,100,0,0,0,0,0,0,,,,,,,
Business Communication,35629,Marc Neufeld,4,3,1747,1747,100,0,0,0,0,0,0,,,,,,,
Business Communication,35629,Marc Neufeld,5,3,2546,2546,100,0,0,0,0,0,0,,,,,,,
Business Communication,35629,전지현,1,3,2546,2546,100,0,0,0,0,0,0,,,,교B460-1,,,
Business Communication,35629,Marc Neufeld,2,3,2644,2644,100,0,0,0,0,0,0,,,,,,,
Business Communication,35629,Marc Neufeld,3,3,1534,1534,100,0,0,0,0,0,0,,,,,,,
Business Communication,35629,Marc Neufeld,4,3,1747,1747,100,0,0,0,0,0,0,,,,,,,
Business Communication,35629,Marc Neufeld,5,3,2546,2546,100,0,0,0,0,0,0,,,,교B460-1,,,
기업재무,35633,변진호,1,3,2644,2644,100,0,0,0,0,0,0,,,,,,,
기업재무,35633,신정순,2,3,2546,2546,100,0,0,0,0,0,0,,,,교B460-1,,,
기업재무,35633,변진호,1,3,2644,2644,100,0,0,0,0,0,0,,,,,,,
기업재무,35633,신정순,2,3,2546,2546,100,0,0,0,0,0,0,,,,교B460-1,,,
음악사III,35657,정용전,1,2,3353,3353,100,0,0,0,0,0,0,,,,,,,
음악사III,35657,김현주,2,2,1634,1634,100,0,0,0,0,0,0,,,,,,,
음악사III,35657,장정윤,3,2,1342,1342,70,0,0,0,15,15,0,210429,210617,,,,,
음악사III,35657,최윤실,4,2,2244,2244,100,0,0,0,0,0,0,,,,,,,
조성음악분석I,35658,안선현,4,2,2554,2554,60,0,20,0,10,10,0,210416,210611,,,,,
조성음악분석I,35658,설수경,1,2,2324,2324,80,0,0,0,0,10,10,210420,210608,,,,,
조성음악분석I,35658,박선영,2,2,1432,1432,100,0,0,0,0,0,0,210428,210621,,,,,
조성음악분석I,35658,강미나,3,2,1444,1444,70,0,0,0,10,10,10,210419,210617,,,,,
Foundations of International Law,35672,정누리,1,3,3352,3352,100,0,0,0,0,0,0,,,,,,,
International Relations in East Asia,35678,박인휘,1,3,1534,1534,100,0,0,0,0,0,0,,,,,,,
International Trade & Investment,35679,마재신,1,3,2455,2455,70,10,0,0,10,10,0,,,,,,,
International Trade Law,35680,정누리,1,3,3654,3654,100,0,0,0,0,0,0,,,,,,,
Quantitative and Financial Analysis,35683,이석원,1,3,1635,1635,100,0,0,0,0,0,0,,,,,,,
Global Strategic Management,35684,변인수,1,3,2756,2756,100,0,0,0,0,0,0,,,,,,,
Comparative Study in Korean,35715,정나영,1,3,2546,2546,100,0,0,0,0,0,0,,,,,,,
Premodern History of Korea,35716,양지하,1,3,2455,2455,100,0,0,0,0,0,0,,,,,,,
Religions of Asia,35719,서명삼,1,3,2644,2644,100,0,0,0,0,0,0,,,,,,,
Introduction to Korean,35722,이정은,1,3,1243,1243,100,0,0,0,0,0,0,,,,,,,
International History of East Asia,35726,윤지환,1,3,1243,1243,100,0,0,0,0,0,0,,,,,,,
The Korean Economy,35731,김세완,1,3,2644,2644,100,0,0,0,0,0,0,,,,,,,
Special Topics in Sociology,35737,Trent M. Bax,1,3,1635,1635,100,0,0,0,0,0,0,,,,,,,
포토그라피실습,35773,이필두,1,3,4445,4445,100,0,0,0,0,0,0,,,,,,,
분자생물학II,35825,권종범,1,3,2342,2342,100,0,0,0,0,0,0,,,,,,,
분자생물학II,35825,"김재상/

이대기",2,3,2342,2342,100,0,0,0,0,0,0,,,,,,,
분자생물학II,35825,"김태수/

김완규",3,3,2342,2342,100,0,0,0,0,0,0,,,,,,,
분자생물학II,35825,권종범,1,3,2342,2342,100,0,0,0,0,0,0,,,,,,,
분자생물학II,35825,"김재상/

이대기",2,3,2342,2342,100,0,0,0,0,0,0,,,,,,,
분자생물학II,35825,"김태수/

김완규",3,3,2342,2342,100,0,0,0,0,0,0,,,,,,,