54,18,2746,10023, 기독교와세계,1,1,3,3,null
54,18,2746,10023, 기독교와세계,1,2,3,3,null
54,18,2747,11256, 공존과협력의유토피아,1,1,3,2,null
54,18,2747,11256, 공존과협력의유토피아,1,2,3,2,null
54,18,2747,11254, 관계의미학:사랑과윤리,1,1,3,2,null
54,18,2747,11254, 관계의미학:사랑과윤리,1,2,3,2,null
54,18,2747,11095, 나눔리더십,1,1,3,2,null
54,18,2747,11095, 나눔리더십,1,2,3,2,null
54,18,2747,11253, 나눔의인간학,1,1,3,2,null
54,18,2747,11253, 나눔의인간학,1,2,3,2,null
54,18,2747,11252, 청춘의자기이해,1,1,3,2,null
54,18,2747,11252, 청춘의자기이해,1,2,3,2,null
54,18,2747,11255, 호모엠파티쿠스:소통·공감·신뢰,1,1,3,2,null
54,18,2747,11255, 호모엠파티쿠스:소통·공감·신뢰,1,2,3,2,null
54,18,2748,10021, 우리말과글쓰기,1,1,3,3,null
54,18,2748,10021, 우리말과글쓰기,1,2,3,3,null
54,18,2749,11094, 고전읽기와글쓰기,2,1,3,2,10021
54,18,2749,11094, 고전읽기와글쓰기,2,2,3,2,10021
54,18,2750,10098, 대학영어,1,1,3,3,null
54,18,2750,10098, 대학영어,1,2,3,3,null
54,18,2750,10099, 고급영어,1,1,3,3,null
54,18,2750,10099, 고급영어,1,2,3,3,null
54,18,2751,11036, 중국어Ⅰ,1,1,3,2,null
54,18,2751,11037, 중국어Ⅱ,1,2,3,2,null
54,18,2751,11073, 프랑스어Ⅰ,1,1,3,2,null
54,18,2751,11074, 프랑스어Ⅱ,1,2,3,2,null
54,18,2751,11033, 독일어Ⅰ,1,1,3,2,null
54,18,2751,11034, 독일어Ⅱ,1,2,3,2,null
54,18,2751,11091, 일본어Ⅰ,1,1,3,2,null
54,18,2751,11092, 일본어Ⅱ,1,2,3,2,null
54,18,2751,11066, 스페인어Ⅰ,1,1,3,2,null
54,18,2751,11067, 스페인어Ⅱ,1,2,3,2,null
54,18,2751,11064, 러시아어Ⅰ,1,1,3,2,null
54,18,2751,11065, 러시아어Ⅱ,1,2,3,2,null
54,18,2752,11053, 21세기사회와문학의대화,null,1,3,3,null
54,18,2752,11053, 21세기사회와문학의대화,null,2,3,3,null
54,18,2752,11183, The Story of Human Language,null,1,3,3,null
54,18,2752,11183, The Story of Human Language,null,2,3,3,null
54,18,2752,11165, Topics in Multiethnic American Literature,null,1,3,3,null
54,18,2752,11165, Topics in Multiethnic American Literature,null,2,3,3,null
54,18,2752,11112, 다매체시대의비교문학,null,1,3,3,null
54,18,2752,11112, 다매체시대의비교문학,null,2,3,3,null
54,18,2752,11108, 동아시아문학으로문화읽기,null,1,3,3,null
54,18,2752,11108, 동아시아문학으로문화읽기,null,2,3,3,null
54,18,2752,11038, 디지털미디어시대의동아시아문자,null,1,3,3,null
54,18,2752,11038, 디지털미디어시대의동아시아문자,null,2,3,3,null
54,18,2752,10950, 디지털스토리텔링의이해,null,1,3,3,null
54,18,2752,10950, 디지털스토리텔링의이해,null,2,3,3,null
54,18,2752,10041, 문학과삶,null,1,3,3,null
54,18,2752,10041, 문학과삶,null,2,3,3,null
54,18,2752,10654, 문학과영화,null,1,3,3,null
54,18,2752,10654, 문학과영화,null,2,3,3,null
54,18,2752,11148, 문학으로보는사랑의역사,null,1,3,3,null
54,18,2752,11148, 문학으로보는사랑의역사,null,2,3,3,null
54,18,2752,11184, 문학으로함께배우는매체/이야기,null,1,3,3,null
54,18,2752,11184, 문학으로함께배우는매체/이야기,null,2,3,3,null
54,18,2752,11146, 문화로읽는현대시의세계,null,1,3,3,null
54,18,2752,11146, 문화로읽는현대시의세계,null,1,3,3,null
54,18,2752,11147, 사이언스픽션의이해,null,1,3,3,null
54,18,2752,11147, 사이언스픽션의이해,null,2,3,3,null
54,18,2752,11297, 생태와문학,null,1,3,3,null
54,18,2752,11297, 생태와문학,null,2,3,3,null
54,18,2752,10768, 신화·상상력·문화,null,1,3,3,null
54,18,2752,10768, 신화·상상력·문화,null,2,3,3,null
54,18,2752,11109, 여행문학과세계인식,null,1,3,3,null
54,18,2752,11109, 여행문학과세계인식,null,2,3,3,null
54,18,2752,10882, 인간과언어,null,1,3,3,null
54,18,2752,10882, 인간과언어,null,2,3,3,null
54,18,2752,11258, 자연과문학,null,1,3,3,null
54,18,2752,11258, 자연과문학,null,2,3,3,null
54,18,2752,10543, 한국현대시와삶읽기,null,1,3,3,null
54,18,2752,10543, 한국현대시와삶읽기,null,2,3,3,null
54,18,2752,11134, 현대영어권문학의동향,null,1,3,3,null
54,18,2752,11134, 현대영어권문학의동향,null,2,3,3,null
54,18,2752,10896, 환상문학의세계,null,1,3,3,null
54,18,2752,10896, 환상문학의세계,null,2,3,3,null
54,18,2752,11334, Critical and Creative Textual Studies,null,1,3,3,null
54,18,2752,11334, Critical and Creative Textual Studies,null,2,3,3,null
54,18,2752,11335, Technical Writing and Document Design in English,null,1,3,3,null
54,18,2752,11335, Technical Writing and Document Design in English,null,2,3,3,null
54,18,2753,11107, 21세기의예술과인간,null,1,3,3,null
54,18,2753,11107, 21세기의예술과인간,null,2,3,3,null
54,18,2753,11164, Contemporary Photography,null,1,3,3,null
54,18,2753,11164, Contemporary Photography,null,2,3,3,null
54,18,2753,10018, 국악의이해,null,1,3,3,null
54,18,2753,10018, 국악의이해,null,2,3,3,null
54,18,2753,10033, 동양미술의이해,null,1,3,3,null
54,18,2753,10033, 동양미술의이해,null,2,3,3,null
54,18,2753,10778, 디지털매체와예술,null,1,3,3,null
54,18,2753,10778, 디지털매체와예술,null,2,3,3,null
54,18,2753,10576, 무용의이해,null,1,3,3,null
54,18,2753,10576, 무용의이해,null,2,3,3,null
54,18,2753,11153, 문화콘텐츠기획의이해,null,1,3,3,null
54,18,2753,11153, 문화콘텐츠기획의이해,null,2,3,3,null
54,18,2753,11328, 미술로치유하는마음,null,1,3,3,null
54,18,2753,11328, 미술로치유하는마음,null,2,3,3,null
54,18,2753,11083, 미학과미술,null,1,3,3,null
54,18,2753,11083, 미학과미술,null,2,3,3,null
54,18,2753,11135, 사물과예술,null,1,3,3,null
54,18,2753,11135, 사물과예술,null,2,3,3,null
54,18,2753,11329, 색채의이해,null,1,3,3,null
54,18,2753,11329, 색채의이해,null,2,3,3,null
54,18,2753,10072, 서양미술의이해,null,1,3,3,null
54,18,2753,10072, 서양미술의이해,null,2,3,3,null
54,18,2753,10073, 서양음악의이해,null,1,3,3,null
54,18,2753,10073, 서양음악의이해,null,2,3,3,null
54,18,2753,11084, 시각문화로서미술작품읽기,null,1,3,3,null
54,18,2753,11084, 시각문화로서미술작품읽기,null,2,3,3,null
54,18,2753,10090, 여성과예술,null,1,3,3,null
54,18,2753,10090, 여성과예술,null,2,3,3,null
54,18,2753,11113, 여성의몸과창조적움직임,null,1,3,3,null
54,18,2753,11113, 여성의몸과창조적움직임,null,2,3,3,null
54,18,2753,10097, 연극의이론과실제,null,1,3,3,null
54,18,2753,10097, 연극의이론과실제,null,2,3,3,null
54,18,2753,11110, 예술가와그의시대,null,1,3,3,null
54,18,2753,11110, 예술가와그의시대,null,2,3,3,null
54,18,2753,10100, 예술과사상,null,1,3,3,null
54,18,2753,10100, 예술과사상,null,2,3,3,null
54,18,2753,11055, 옛시와그림의만남,null,1,3,3,null
54,18,2753,11055, 옛시와그림의만남,null,2,3,3,null
54,18,2753,11075, 창조와상상의기술,null,1,3,3,null
54,18,2753,11075, 창조와상상의기술,null,2,3,3,null
54,18,2753,11035," 퍼포먼스인문학:제의,놀이,연극",null,1,3,3,null
54,18,2753,11035," 퍼포먼스인문학:제의,놀이,연극",null,2,3,3,null
54,18,2753,10892," 표현,예술,그리고시대정신",null,1,3,3,null
54,18,2753,10892," 표현,예술,그리고시대정신",null,2,3,3,null
54,18,2753,10152, 한국미술의이해,null,1,3,3,null
54,18,2753,10152, 한국미술의이해,null,2,3,3,null
54,18,2753,11333," 한국사와상상력,스토리텔링",null,1,3,3,null
54,18,2753,11333," 한국사와상상력,스토리텔링",null,2,3,3,null
54,18,2753,10883, 한국의문화공간과예술,null,1,3,3,null
54,18,2753,10883, 한국의문화공간과예술,null,2,3,3,null
54,18,2753,10165, 현대미술사,null,1,3,3,null
54,18,2753,10165, 현대미술사,null,2,3,3,null
54,18,2753,11330, Reading American Popular Culture in the Digital Age,null,1,3,3,null
54,18,2753,11330, Reading American Popular Culture in the Digital Age,null,2,3,3,null
54,18,2753,11265, 음악과건강,null,1,3,3,null
54,18,2753,11265, 음악과건강,null,2,3,3,null
54,18,2753,11116, Introduction to World Music and Culture,null,1,3,3,null
54,18,2753,11116, Introduction to World Music and Culture,null,2,3,3,null
54,18,2754,11190, The Art of Thinking,null,1,3,3,null
54,18,2754,11190, The Art of Thinking,null,2,3,3,null
54,18,2754,10545, 근대일본과동아시아,null,1,3,3,null
54,18,2754,10545, 근대일본과동아시아,null,2,3,3,null
54,18,2754,11046, 동서양의인간이해,null,1,3,3,null
54,18,2754,11046, 동서양의인간이해,null,2,3,3,null
54,18,2754,10034, 동양철학의이해,null,1,3,3,null
54,18,2754,10034, 동양철학의이해,null,2,3,3,null
54,18,2754,10769, 모던/포스트모던문화읽기,null,1,3,3,null
54,18,2754,10769, 모던/포스트모던문화읽기,null,2,3,3,null
54,18,2754,11056, 문화로읽는한국사,null,1,3,3,null
54,18,2754,11056, 문화로읽는한국사,null,2,3,3,null
54,18,2754,11185, 문화와예술을통해본르네상스역사,null,1,3,3,null
54,18,2754,11185, 문화와예술을통해본르네상스역사,null,2,3,3,null
54,18,2754,10772, 여성과사회정의,null,1,3,3,null
54,18,2754,10772, 여성과사회정의,null,2,3,3,null
54,18,2754,11054, 연어프로젝트:한국여성나의뿌리를찾아서 ,null,1,3,3,null
54,18,2754,11054, 연어프로젝트:한국여성나의뿌리를찾아서 ,null,2,3,3,null
54,18,2754,10108, 인간과종교,null,1,3,3,null
54,18,2754,10108, 인간과종교,null,2,3,3,null
54,18,2754,11041, 인간과철학적사유,null,1,3,3,null
54,18,2754,11041, 인간과철학적사유,null,2,3,3,null
54,18,2754,11293, 인물로본중국의역사,null,1,3,3,null
54,18,2754,11293, 인물로본중국의역사,null,2,3,3,null
54,18,2754,10581, 인물로본한국사,null,1,3,3,null
54,18,2754,10581, 인물로본한국사,null,2,3,3,null
54,18,2754,11078, 젠더와역사,null,1,3,3,null
54,18,2754,11078, 젠더와역사,null,2,3,3,null
54,18,2754,10767, 종교와문화,null,1,3,3,null
54,18,2754,10767, 종교와문화,null,2,3,3,null
54,18,2754,11057, 주제로살펴보는서양근현대사,null,1,3,3,null
54,18,2754,11057, 주제로살펴보는서양근현대사,null,2,3,3,null
54,18,2754,10544, 중국의역사와문화,null,1,3,3,null
54,18,2754,10544, 중국의역사와문화,null,2,3,3,null
54,18,2754,11297, 질병치료와백신의역사,null,1,3,3,null
54,18,2754,11297, 질병치료와백신의역사,null,2,3,3,null
54,18,2754,11189, 철학의은유들,null,1,3,3,null
54,18,2754,11189, 철학의은유들,null,2,3,3,null
54,18,2754,11045, 패러다임전환과비판이론,null,1,3,3,null
54,18,2754,11045, 패러다임전환과비판이론,null,2,3,3,null
54,18,2754,10149, 한국근현대사 ,null,1,3,3,null
54,18,2754,10149, 한국근현대사 ,null,2,3,3,null
54,18,2754,11058, 한국사의새로운이해,null,1,3,3,null
54,18,2754,11058, 한국사의새로운이해,null,2,3,3,null
54,18,2754,11186, Evolutionary Origin of Humans,null,1,3,3,null
54,18,2754,11186, Evolutionary Origin of Humans,null,2,3,3,null
54,18,2754,11295, 인공지능시대의과학과종교,null,1,3,3,null
54,18,2754,11295, 인공지능시대의과학과종교,null,2,3,3,null
54,18,2755,11360,ICT융합복지와법,null,1,3,3,null
54,18,2755,11360,ICT융합복지와법,null,1,3,3,null
54,18,2755,10011, 가족건강과간호,null,1,3,3,null
54,18,2755,10011, 가족건강과간호,null,2,3,3,null
54,18,2755,10932, 건축으로읽는사회문화사,null,1,3,3,null
54,18,2755,10932, 건축으로읽는사회문화사,null,2,3,3,null
54,18,2755,10013, 경영과사회,null,1,3,3,null
54,18,2755,10013, 경영과사회,null,2,3,3,null
54,18,2755,11068, 글로벌사회변동과쟁점지역연구,null,1,3,3,null
54,18,2755,11068, 글로벌사회변동과쟁점지역연구,null,2,3,3,null
54,18,2755,10913, 글로벌시대의다문화사회,null,1,3,3,null
54,18,2755,10913, 글로벌시대의다문화사회,null,2,3,3,null
54,18,2755,10914, 글로벌시대의아시아여성,null,1,3,3,null
54,18,2755,10914, 글로벌시대의아시아여성,null,2,3,3,null
54,18,2755,10091, 노동과젠더,null,1,3,3,null
54,18,2755,10091, 노동과젠더,null,2,3,3,null
54,18,2755,11332, 도시공간문화로읽는한국사,null,1,3,3,null
54,18,2755,11332, 도시공간문화로읽는한국사,null,2,3,3,null
54,18,2755,10886, 동양고전의현대적이해,null,1,3,3,null
54,18,2755,10886, 동양고전의현대적이해,null,2,3,3,null
54,18,2755,11292, 모방과인간,null,1,3,3,null
54,18,2755,11292, 모방과인간,null,2,3,3,null
54,18,2755,11193, 법과젠더,null,1,3,3,null
54,18,2755,11193, 법과젠더,null,2,3,3,null
54,18,2755,10549, 북한정치의이해,null,1,3,3,null
54,18,2755,10549, 북한정치의이해,null,2,3,3,null
54,18,2755,10548, 북한주민의문화와생활,null,1,3,3,null
54,18,2755,10548, 북한주민의문화와생활,null,2,3,3,null
54,18,2755,10929, 브레인스펙트럼,null,1,3,3,null
54,18,2755,10929, 브레인스펙트럼,null,2,3,3,null
54,18,2755,10573, 생명윤리와법,null,1,3,3,null
54,18,2755,10573, 생명윤리와법,null,2,3,3,null
54,18,2755,10074, 성문화연구,null,1,3,3,null
54,18,2755,10074, 성문화연구,null,2,3,3,null
54,18,2755,10081, 시민생활과법,null,1,3,3,null
54,18,2755,10081, 시민생활과법,null,2,3,3,null
54,18,2755,10094, 여성학,null,1,3,3,null
54,18,2755,10094, 여성학,null,2,3,3,null
54,18,2755,11089, 여행과지리:글로벌화의지역탐색,null,1,3,3,null
54,18,2755,11089, 여행과지리:글로벌화의지역탐색,null,2,3,3,null
54,18,2755,10908, 영상이미지와젠더,null,1,3,3,null
54,18,2755,10908, 영상이미지와젠더,null,2,3,3,null
54,18,2755,10904, 우리사회의문제와쟁점찾기,null,1,3,3,null
54,18,2755,10904, 우리사회의문제와쟁점찾기,null,2,3,3,null
54,18,2755,10109, 인간발달과가족,null,1,3,3,null
54,18,2755,10109, 인간발달과가족,null,2,3,3,null
54,18,2755,10903, 인간발달과문화의다양성,null,1,3,3,null
54,18,2755,10903, 인간발달과문화의다양성,null,2,3,3,null
54,18,2755,11114, 인간은왜춤을추는가,null,1,3,3,null
54,18,2755,11114, 인간은왜춤을추는가,null,2,3,3,null
54,18,2755,11103, 인터넷과법,null,1,3,3,null
54,18,2755,11103, 인터넷과법,null,2,3,3,null
54,18,2755,11104, 죄와벌,null,1,3,3,null
54,18,2755,11104, 죄와벌,null,2,3,3,null
54,18,2755,10905, 지구촌의사회복지,null,1,3,3,null
54,18,2755,10905, 지구촌의사회복지,null,2,3,3,null
54,18,2755,11105, 직업세계와법,null,1,3,3,null
54,18,2755,11105, 직업세계와법,null,2,3,3,null
54,18,2755,11039, 키워드로읽는중국문화,null,1,3,3,null
54,18,2755,11039, 키워드로읽는중국문화,null,2,3,3,null
54,18,2755,10887, 현대중국의사회와문화,null,1,3,3,null
54,18,2755,10887, 현대중국의사회와문화,null,2,3,3,null
54,18,2755,11162, Middle Eastern Political Theology: Religious Sources,null,1,3,3,null
54,18,2755,11162, Middle Eastern Political Theology: Religious Sources,null,2,3,3,null
54,18,2755,11259, SDGs시대글로벌보건협력:개발도상국의보건의료현황과국제사회의지원,null,1,3,3,null
54,18,2755,11259, SDGs시대글로벌보건협력:개발도상국의보건의료현황과국제사회의지원,null,2,3,3,null
54,18,2755,11161, Social and Cultural Impact of Video Games,null,1,3,3,null
54,18,2755,11161, Social and Cultural Impact of Video Games,null,2,3,3,null
54,18,2755,11296, 청춘의아픔과치유:행복인문학,null,1,3,3,null
54,18,2755,11296, 청춘의아픔과치유:행복인문학,null,2,3,3,null
54,18,2755,10181, 환경과인간,null,1,3,3,null
54,18,2755,10181, 환경과인간,null,2,3,3,null
54,18,2755,11188, Introduction to Ethnic Conflict and Management,null,1,3,3,null
54,18,2755,11188, Introduction to Ethnic Conflict and Management,null,2,3,3,null
54,18,2755,11163, Literacy in the 21st Century,null,1,3,3,null
54,18,2755,11163, Literacy in the 21st Century,null,2,3,3,null
54,18,2755,10949, 국제구호와개발협력,null,1,3,3,null
54,18,2755,10949, 국제구호와개발협력,null,2,3,3,null
54,18,2755,11106, 글로벌시민의이해와리더십,null,1,3,3,null
54,18,2755,11106, 글로벌시민의이해와리더십,null,2,3,3,null
54,18,2755,10933, 대학생의성건강,null,1,3,3,null
54,18,2755,10933, 대학생의성건강,null,2,3,3,null
54,18,2755,11308, 데이터로고전읽기,null,1,3,3,null
54,18,2755,11308, 데이터로고전읽기,null,2,3,3,null
54,18,2755,11079, 장애와사회,null,1,3,3,null
54,18,2755,11079, 장애와사회,null,2,3,3,null
54,18,2756,11154, 사물인터넷개론,null,1,3,3,null
54,18,2756,11154, 사물인터넷개론,null,2,3,3,null
54,18,2756,10556, 인터넷과소셜컴퓨팅,null,1,3,3,null
54,18,2756,10556, 인터넷과소셜컴퓨팅,null,2,3,3,null
54,18,2756,11160, 정보기술과미래사회,null,1,3,3,null
54,18,2756,11160, 정보기술과미래사회,null,2,3,3,null
54,18,2756,10123, 정보사회와인터넷윤리,null,1,3,3,null
54,18,2756,10123, 정보사회와인터넷윤리,null,2,3,3,null
54,18,2756,10930, Behavior of Animals,null,1,3,3,null
54,18,2756,10930, Behavior of Animals,null,2,3,3,null
54,18,2756,11111, SF영화로배우는철학,null,1,3,3,null
54,18,2756,11111, SF영화로배우는철학,null,2,3,3,null
54,18,2756,11155, 과학과허구,null,1,3,3,null
54,18,2756,11155, 과학과허구,null,2,3,3,null
54,18,2756,11101, 과학과문화의커뮤니케이션,null,1,3,3,null
54,18,2756,11101, 과학과문화의커뮤니케이션,null,2,3,3,null
54,18,2756,11043, 글로벌사회의기록과정보,null,1,3,3,null
54,18,2756,11043, 글로벌사회의기록과정보,null,2,3,3,null
54,18,2756,10776, 글로벌시민을위한과학소양,null,1,3,3,null
54,18,2756,10776, 글로벌시민을위한과학소양,null,2,3,3,null
54,18,2756,11044, 디지털네이티브와검색엔진,null,1,3,3,null
54,18,2756,11044, 디지털네이티브와검색엔진,null,2,3,3,null
54,18,2756,11152, 모바일멀티미디어프로그래밍,null,1,3,3,null
54,18,2756,11152, 모바일멀티미디어프로그래밍,null,2,3,3,null
54,18,2756,10559, 미래를위한환경의이해,null,1,3,3,null
54,18,2756,10559, 미래를위한환경의이해,null,2,3,3,null
54,18,2756,11191, 식물의모든것,null,1,3,3,null
54,18,2756,11191, 식물의모든것,null,2,3,3,null
54,18,2756,10052, 약과건강,null,1,3,3,null
54,18,2756,10052, 약과건강,null,2,3,3,null
54,18,2756,11102," 에너지의이해,이용,실천",null,1,3,3,null
54,18,2756,11102," 에너지의이해,이용,실천",null,2,3,3,null
54,18,2756,11257, 에피소드로보는과학철학,null,1,3,3,null
54,18,2756,11257, 에피소드로보는과학철학,null,2,3,3,null
54,18,2756,10910, 위험판단심리학,null,1,3,3,null
54,18,2756,10910, 위험판단심리학,null,2,3,3,null
54,18,2756,10104, 응용통계입문,null,1,3,3,null
54,18,2756,10104, 응용통계입문,null,2,3,3,null
54,18,2756,11336, 인공지능과인간,null,1,3,3,null
54,18,2756,11336, 인공지능과인간,null,2,3,3,null
54,18,2756,11261, 인공지능시대의정보산업이해,null,1,3,3,null
54,18,2756,11261, 인공지능시대의정보산업이해,null,2,3,3,null
54,18,2756,11156," 자연과의대화,환경생태",null,1,3,3,null
54,18,2756,11156," 자연과의대화,환경생태",null,2,3,3,null
54,18,2756,11096, 정보화사회와통계,null,1,3,3,null
54,18,2756,11096, 정보화사회와통계,null,2,3,3,null
54,18,2756,10135, 지구의역사,null,1,3,3,null
54,18,2756,10135, 지구의역사,null,2,3,3,null
54,18,2756,11042, 컴퓨터와마음,null,1,3,3,null
54,18,2756,11042, 컴퓨터와마음,null,2,3,3,null
54,18,2756,11145, 크리에이티브컴퓨팅,null,1,3,3,null
54,18,2756,11145, 크리에이티브컴퓨팅,null,2,3,3,null
54,18,2756,10164, 현대물리학과인간사고의변혁,null,1,3,3,null
54,18,2756,10164, 현대물리학과인간사고의변혁,null,2,3,3,null
54,18,2756,11157, 환경재난과국제협력,null,1,3,3,null
54,18,2756,11157, 환경재난과국제협력,null,2,3,3,null
54,18,2756,11159, General Biology,null,1,3,3,null
54,18,2756,11159, General Biology,null,2,3,3,null
54,18,2756,11262, 생활속의미생물,null,1,3,3,null
54,18,2756,11262, 생활속의미생물,null,2,3,3,null
54,18,2756,11187, 빅데이터사회와정보활용,null,1,3,3,null
54,18,2756,11187, 빅데이터사회와정보활용,null,2,3,3,null
54,18,2756,11264, 세계의자연유산과지오투어리즘,null,1,3,3,null
54,18,2756,11264, 세계의자연유산과지오투어리즘,null,2,3,3,null
54,18,2756,11098, 주거로보는건축문화,null,1,3,3,null
54,18,2756,11098, 주거로보는건축문화,null,2,3,3,null
54,18,2757,11208, IT융합설계개론,null,1,3,3,null
54,18,2757,11208, IT융합설계개론,null,2,3,3,null
54,18,2757,11309, 문제해결과SW프로그래밍,null,1,3,3,null
54,18,2757,11309, 문제해결과SW프로그래밍,null,2,3,3,null
54,18,2757,11214, 간호와휴머니즘,null,1,3,3,null
54,18,2757,11214, 간호와휴머니즘,null,2,3,3,null
54,18,2757,11206, 계산의기초와융합적문제해결,null,1,3,3,null
54,18,2757,11206, 계산의기초와융합적문제해결,null,2,3,3,null
54,18,2757,11207, 과학자를위한기초현대통계학론,null,1,3,3,null
54,18,2757,11207, 과학자를위한기초현대통계학론,null,2,3,3,null
54,18,2757,11210, 교육커뮤니케이션의이해와실제,null,1,3,3,null
54,18,2757,11210, 교육커뮤니케이션의이해와실제,null,2,3,3,null
54,18,2757,11212, 글로벌커리어개발과기업가정신,null,1,3,3,null
54,18,2757,11212, 글로벌커리어개발과기업가정신,null,2,3,3,null
54,18,2757,11204, 논리로과학읽기,null,1,3,3,null
54,18,2757,11204, 논리로과학읽기,null,2,3,3,null
54,18,2757,11209, 시각적사고를통한일상의문화와트랜드,null,1,3,3,null
54,18,2757,11209, 시각적사고를통한일상의문화와트랜드,null,2,3,3,null
54,18,2757,11263, 예술과기술,null,1,3,3,null
54,18,2757,11263, 예술과기술,null,2,3,3,null
54,18,2757,11233, 음악과테크놀로지,null,1,3,3,null
54,18,2757,11233, 음악과테크놀로지,null,2,3,3,null
54,18,2757,11235, 의료생명분야에서의컴퓨터적사고,null,1,3,3,null
54,18,2757,11235, 의료생명분야에서의컴퓨터적사고,null,2,3,3,null
54,18,2757,11213, 질병과몸의역사,null,1,3,3,null
54,18,2757,11213, 질병과몸의역사,null,2,3,3,null
54,18,2757,11205, 컴퓨터과학적인식과문제해결,null,1,3,3,null
54,18,2757,11205, 컴퓨터과학적인식과문제해결,null,2,3,3,null
54,18,2757,11232, 컴퓨터적사고와이해,null,1,3,3,null
54,18,2757,11232, 컴퓨터적사고와이해,null,2,3,3,null
54,18,2757,11234, 컴퓨터적사고와조형적활용,null,1,3,3,null
54,18,2757,11234, 컴퓨터적사고와조형적활용,null,2,3,3,null
54,18,2757,11211, 컴퓨팅적사고와프로그래밍,null,1,3,3,null
54,18,2757,11211, 컴퓨팅적사고와프로그래밍,null,2,3,3,null
54,18,2757,11215, 통합적분쟁이해와조정,null,1,3,3,null
54,18,2757,11215, 통합적분쟁이해와조정,null,2,3,3,null
54,18,2757,11260, 기업가정신과기술혁신,null,1,3,3,null
54,18,2757,11357,데이터컨버저스와법,null,1,3,3,null
54,18,2757,11357,데이터컨버저스와법,null,2,3,3,null
54,18,2757,11373,데이터컴퓨팅,null,1,3,3,null
54,18,2757,11373,데이터컴퓨팅,null,2,3,3,null
54,18,2757,11356,리눅스와시스템적사고,null,1,3,3,null
54,18,2757,11356,리눅스와시스템적사고,null,2,3,3,null
54,18,2757,11365,빅데이터와젠더,null,1,3,3,null
54,18,2757,11365,빅데이터와젠더,null,2,3,3,null
54,18,2757,11367,사회문제해결을위한R프로그래밍기초,null,1,3,3,null
54,18,2757,11367,사회문제해결을위한R프로그래밍기초,null,2,3,3,null
54,18,2757,11368,정보와인공지능의수리적이해,null,1,3,3,null
54,18,2757,11368,정보와인공지능의수리적이해,null,2,3,3,null
54,18,2757,11374,컴퓨터보안과윈도우포렌식,null,1,3,3,null
54,18,2757,11374,컴퓨터보안과윈도우포렌식,null,2,3,3,null
54,18,2757,11362,컴퓨터속의우주,null,1,3,3,null
54,18,2757,11362,컴퓨터속의우주,null,2,3,3,null
54,18,2757,11369,컴퓨터식문제해결기법,null,1,3,3,null
54,18,2757,11369,컴퓨터식문제해결기법,null,2,3,3,null
54,18,2757,11364,푸드테크시대의음식과디자인,null,1,3,3,null
54,18,2757,11364,푸드테크시대의음식과디자인,null,2,3,3,null
54,19,2760,10023, 기독교와세계,1,1,3,3,null
54,19,2760,10023, 기독교와세계,1,2,3,3,null
54,19,2761,11256, 공존과협력의유토피아,1,1,3,2,null
54,19,2761,11256, 공존과협력의유토피아,1,2,3,2,null
54,19,2761,11254, 관계의미학:사랑과윤리,1,1,3,2,null
54,19,2761,11254, 관계의미학:사랑과윤리,1,2,3,2,null
54,19,2761,11095, 나눔리더십,1,1,3,2,null
54,19,2761,11095, 나눔리더십,1,2,3,2,null
54,19,2761,11253, 나눔의인간학,1,1,3,2,null
54,19,2761,11253, 나눔의인간학,1,2,3,2,null
54,19,2761,11252, 청춘의자기이해,1,1,3,2,null
54,19,2761,11252, 청춘의자기이해,1,2,3,2,null
54,19,2761,11255, 호모엠파티쿠스:소통·공감·신뢰,1,1,3,2,null
54,19,2761,11255, 호모엠파티쿠스:소통·공감·신뢰,1,2,3,2,null
54,19,2762,10021, 우리말과글쓰기,1,1,3,3,null
54,19,2762,10021, 우리말과글쓰기,1,2,3,3,null
54,19,2763,11094, 고전읽기와글쓰기,2,1,3,2,10021
54,19,2763,11094, 고전읽기와글쓰기,2,2,3,2,10021
54,19,2764,10098, 대학영어,1,1,3,3,null
54,19,2764,10098, 대학영어,1,2,3,3,null
54,19,2764,10099, 고급영어,1,1,3,3,null
54,19,2764,10099, 고급영어,1,2,3,3,null
54,19,2765,11036, 중국어Ⅰ,1,1,3,2,null
54,19,2765,11037, 중국어Ⅱ,1,2,3,2,null
54,19,2765,11073, 프랑스어Ⅰ,1,1,3,2,null
54,19,2765,11074, 프랑스어Ⅱ,1,2,3,2,null
54,19,2765,11033, 독일어Ⅰ,1,1,3,2,null
54,19,2765,11034, 독일어Ⅱ,1,2,3,2,null
54,19,2765,11091, 일본어Ⅰ,1,1,3,2,null
54,19,2765,11092, 일본어Ⅱ,1,2,3,2,null
54,19,2765,11066, 스페인어Ⅰ,1,1,3,2,null
54,19,2765,11067, 스페인어Ⅱ,1,2,3,2,null
54,19,2765,11064, 러시아어Ⅰ,1,1,3,2,null
54,19,2765,11065, 러시아어Ⅱ,1,2,3,2,null
54,19,2766,11053, 21세기사회와문학의대화,null,1,3,3,null
54,19,2766,11053, 21세기사회와문학의대화,null,2,3,3,null
54,19,2766,11183, The Story of Human Language,null,1,3,3,null
54,19,2766,11183, The Story of Human Language,null,2,3,3,null
54,19,2766,11165, Topics in Multiethnic American Literature,null,1,3,3,null
54,19,2766,11165, Topics in Multiethnic American Literature,null,2,3,3,null
54,19,2766,11112, 다매체시대의비교문학,null,1,3,3,null
54,19,2766,11112, 다매체시대의비교문학,null,2,3,3,null
54,19,2766,11108, 동아시아문학으로문화읽기,null,1,3,3,null
54,19,2766,11108, 동아시아문학으로문화읽기,null,2,3,3,null
54,19,2766,11038, 디지털미디어시대의동아시아문자,null,1,3,3,null
54,19,2766,11038, 디지털미디어시대의동아시아문자,null,2,3,3,null
54,19,2766,10950, 디지털스토리텔링의이해,null,1,3,3,null
54,19,2766,10950, 디지털스토리텔링의이해,null,2,3,3,null
54,19,2766,10041, 문학과삶,null,1,3,3,null
54,19,2766,10041, 문학과삶,null,2,3,3,null
54,19,2766,10654, 문학과영화,null,1,3,3,null
54,19,2766,10654, 문학과영화,null,2,3,3,null
54,19,2766,11148, 문학으로보는사랑의역사,null,1,3,3,null
54,19,2766,11148, 문학으로보는사랑의역사,null,2,3,3,null
54,19,2766,11184, 문학으로함께배우는매체/이야기,null,1,3,3,null
54,19,2766,11184, 문학으로함께배우는매체/이야기,null,2,3,3,null
54,19,2766,11146, 문화로읽는현대시의세계,null,1,3,3,null
54,19,2766,11146, 문화로읽는현대시의세계,null,1,3,3,null
54,19,2766,11147, 사이언스픽션의이해,null,1,3,3,null
54,19,2766,11147, 사이언스픽션의이해,null,2,3,3,null
54,19,2766,11297, 생태와문학,null,1,3,3,null
54,19,2766,11297, 생태와문학,null,2,3,3,null
54,19,2766,10768, 신화·상상력·문화,null,1,3,3,null
54,19,2766,10768, 신화·상상력·문화,null,2,3,3,null
54,19,2766,11109, 여행문학과세계인식,null,1,3,3,null
54,19,2766,11109, 여행문학과세계인식,null,2,3,3,null
54,19,2766,10882, 인간과언어,null,1,3,3,null
54,19,2766,10882, 인간과언어,null,2,3,3,null
54,19,2766,11258, 자연과문학,null,1,3,3,null
54,19,2766,11258, 자연과문학,null,2,3,3,null
54,19,2766,10543, 한국현대시와삶읽기,null,1,3,3,null
54,19,2766,10543, 한국현대시와삶읽기,null,2,3,3,null
54,19,2766,11134, 현대영어권문학의동향,null,1,3,3,null
54,19,2766,11134, 현대영어권문학의동향,null,2,3,3,null
54,19,2766,10896, 환상문학의세계,null,1,3,3,null
54,19,2766,10896, 환상문학의세계,null,2,3,3,null
54,19,2766,11334, Critical and Creative Textual Studies,null,1,3,3,null
54,19,2766,11334, Critical and Creative Textual Studies,null,2,3,3,null
54,19,2766,11335, Technical Writing and Document Design in English,null,1,3,3,null
54,19,2766,11335, Technical Writing and Document Design in English,null,2,3,3,null
54,19,2767,11107, 21세기의예술과인간,null,1,3,3,null
54,19,2767,11107, 21세기의예술과인간,null,2,3,3,null
54,19,2767,11164, Contemporary Photography,null,1,3,3,null
54,19,2767,11164, Contemporary Photography,null,2,3,3,null
54,19,2767,10018, 국악의이해,null,1,3,3,null
54,19,2767,10018, 국악의이해,null,2,3,3,null
54,19,2767,10033, 동양미술의이해,null,1,3,3,null
54,19,2767,10033, 동양미술의이해,null,2,3,3,null
54,19,2767,10778, 디지털매체와예술,null,1,3,3,null
54,19,2767,10778, 디지털매체와예술,null,2,3,3,null
54,19,2767,10576, 무용의이해,null,1,3,3,null
54,19,2767,10576, 무용의이해,null,2,3,3,null
54,19,2767,11153, 문화콘텐츠기획의이해,null,1,3,3,null
54,19,2767,11153, 문화콘텐츠기획의이해,null,2,3,3,null
54,19,2767,11328, 미술로치유하는마음,null,1,3,3,null
54,19,2767,11328, 미술로치유하는마음,null,2,3,3,null
54,19,2767,11083, 미학과미술,null,1,3,3,null
54,19,2767,11083, 미학과미술,null,2,3,3,null
54,19,2767,11135, 사물과예술,null,1,3,3,null
54,19,2767,11135, 사물과예술,null,2,3,3,null
54,19,2767,11329, 색채의이해,null,1,3,3,null
54,19,2767,11329, 색채의이해,null,2,3,3,null
54,19,2767,10072, 서양미술의이해,null,1,3,3,null
54,19,2767,10072, 서양미술의이해,null,2,3,3,null
54,19,2767,10073, 서양음악의이해,null,1,3,3,null
54,19,2767,10073, 서양음악의이해,null,2,3,3,null
54,19,2767,11084, 시각문화로서미술작품읽기,null,1,3,3,null
54,19,2767,11084, 시각문화로서미술작품읽기,null,2,3,3,null
54,19,2767,10090, 여성과예술,null,1,3,3,null
54,19,2767,10090, 여성과예술,null,2,3,3,null
54,19,2767,11113, 여성의몸과창조적움직임,null,1,3,3,null
54,19,2767,11113, 여성의몸과창조적움직임,null,2,3,3,null
54,19,2767,10097, 연극의이론과실제,null,1,3,3,null
54,19,2767,10097, 연극의이론과실제,null,2,3,3,null
54,19,2767,11110, 예술가와그의시대,null,1,3,3,null
54,19,2767,11110, 예술가와그의시대,null,2,3,3,null
54,19,2767,10100, 예술과사상,null,1,3,3,null
54,19,2767,10100, 예술과사상,null,2,3,3,null
54,19,2767,11055, 옛시와그림의만남,null,1,3,3,null
54,19,2767,11055, 옛시와그림의만남,null,2,3,3,null
54,19,2767,11075, 창조와상상의기술,null,1,3,3,null
54,19,2767,11075, 창조와상상의기술,null,2,3,3,null
54,19,2767,11035," 퍼포먼스인문학:제의,놀이,연극",null,1,3,3,null
54,19,2767,11035," 퍼포먼스인문학:제의,놀이,연극",null,2,3,3,null
54,19,2767,10892," 표현,예술,그리고시대정신",null,1,3,3,null
54,19,2767,10892," 표현,예술,그리고시대정신",null,2,3,3,null
54,19,2767,10152, 한국미술의이해,null,1,3,3,null
54,19,2767,10152, 한국미술의이해,null,2,3,3,null
54,19,2767,11333," 한국사와상상력,스토리텔링",null,1,3,3,null
54,19,2767,11333," 한국사와상상력,스토리텔링",null,2,3,3,null
54,19,2767,10883, 한국의문화공간과예술,null,1,3,3,null
54,19,2767,10883, 한국의문화공간과예술,null,2,3,3,null
54,19,2767,10165, 현대미술사,null,1,3,3,null
54,19,2767,10165, 현대미술사,null,2,3,3,null
54,19,2767,11330, Reading American Popular Culture in the Digital Age,null,1,3,3,null
54,19,2767,11330, Reading American Popular Culture in the Digital Age,null,2,3,3,null
54,19,2767,11265, 음악과건강,null,1,3,3,null
54,19,2767,11265, 음악과건강,null,2,3,3,null
54,19,2767,11116, Introduction to World Music and Culture,null,1,3,3,null
54,19,2767,11116, Introduction to World Music and Culture,null,2,3,3,null
54,19,2768,11190, The Art of Thinking,null,1,3,3,null
54,19,2768,11190, The Art of Thinking,null,2,3,3,null
54,19,2768,10545, 근대일본과동아시아,null,1,3,3,null
54,19,2768,10545, 근대일본과동아시아,null,2,3,3,null
54,19,2768,11046, 동서양의인간이해,null,1,3,3,null
54,19,2768,11046, 동서양의인간이해,null,2,3,3,null
54,19,2768,10034, 동양철학의이해,null,1,3,3,null
54,19,2768,10034, 동양철학의이해,null,2,3,3,null
54,19,2768,10769, 모던/포스트모던문화읽기,null,1,3,3,null
54,19,2768,10769, 모던/포스트모던문화읽기,null,2,3,3,null
54,19,2768,11056, 문화로읽는한국사,null,1,3,3,null
54,19,2768,11056, 문화로읽는한국사,null,2,3,3,null
54,19,2768,11185, 문화와예술을통해본르네상스역사,null,1,3,3,null
54,19,2768,11185, 문화와예술을통해본르네상스역사,null,2,3,3,null
54,19,2768,10772, 여성과사회정의,null,1,3,3,null
54,19,2768,10772, 여성과사회정의,null,2,3,3,null
54,19,2768,11054, 연어프로젝트:한국여성나의뿌리를찾아서 ,null,1,3,3,null
54,19,2768,11054, 연어프로젝트:한국여성나의뿌리를찾아서 ,null,2,3,3,null
54,19,2768,10108, 인간과종교,null,1,3,3,null
54,19,2768,10108, 인간과종교,null,2,3,3,null
54,19,2768,11041, 인간과철학적사유,null,1,3,3,null
54,19,2768,11041, 인간과철학적사유,null,2,3,3,null
54,19,2768,11293, 인물로본중국의역사,null,1,3,3,null
54,19,2768,11293, 인물로본중국의역사,null,2,3,3,null
54,19,2768,10581, 인물로본한국사,null,1,3,3,null
54,19,2768,10581, 인물로본한국사,null,2,3,3,null
54,19,2768,11078, 젠더와역사,null,1,3,3,null
54,19,2768,11078, 젠더와역사,null,2,3,3,null
54,19,2768,10767, 종교와문화,null,1,3,3,null
54,19,2768,10767, 종교와문화,null,2,3,3,null
54,19,2768,11057, 주제로살펴보는서양근현대사,null,1,3,3,null
54,19,2768,11057, 주제로살펴보는서양근현대사,null,2,3,3,null
54,19,2768,10544, 중국의역사와문화,null,1,3,3,null
54,19,2768,10544, 중국의역사와문화,null,2,3,3,null
54,19,2768,11297, 질병치료와백신의역사,null,1,3,3,null
54,19,2768,11297, 질병치료와백신의역사,null,2,3,3,null
54,19,2768,11189, 철학의은유들,null,1,3,3,null
54,19,2768,11189, 철학의은유들,null,2,3,3,null
54,19,2768,11045, 패러다임전환과비판이론,null,1,3,3,null
54,19,2768,11045, 패러다임전환과비판이론,null,2,3,3,null
54,19,2768,10149, 한국근현대사 ,null,1,3,3,null
54,19,2768,10149, 한국근현대사 ,null,2,3,3,null
54,19,2768,11058, 한국사의새로운이해,null,1,3,3,null
54,19,2768,11058, 한국사의새로운이해,null,2,3,3,null
54,19,2768,11186, Evolutionary Origin of Humans,null,1,3,3,null
54,19,2768,11186, Evolutionary Origin of Humans,null,2,3,3,null
54,19,2768,11295, 인공지능시대의과학과종교,null,1,3,3,null
54,19,2768,11295, 인공지능시대의과학과종교,null,2,3,3,null
54,19,2769,11360,ICT융합복지와법,null,1,3,3,null
54,19,2769,11360,ICT융합복지와법,null,1,3,3,null
54,19,2769,10011, 가족건강과간호,null,1,3,3,null
54,19,2769,10011, 가족건강과간호,null,2,3,3,null
54,19,2769,10932, 건축으로읽는사회문화사,null,1,3,3,null
54,19,2769,10932, 건축으로읽는사회문화사,null,2,3,3,null
54,19,2769,10013, 경영과사회,null,1,3,3,null
54,19,2769,10013, 경영과사회,null,2,3,3,null
54,19,2769,11068, 글로벌사회변동과쟁점지역연구,null,1,3,3,null
54,19,2769,11068, 글로벌사회변동과쟁점지역연구,null,2,3,3,null
54,19,2769,10913, 글로벌시대의다문화사회,null,1,3,3,null
54,19,2769,10913, 글로벌시대의다문화사회,null,2,3,3,null
54,19,2769,10914, 글로벌시대의아시아여성,null,1,3,3,null
54,19,2769,10914, 글로벌시대의아시아여성,null,2,3,3,null
54,19,2769,10091, 노동과젠더,null,1,3,3,null
54,19,2769,10091, 노동과젠더,null,2,3,3,null
54,19,2769,11332, 도시공간문화로읽는한국사,null,1,3,3,null
54,19,2769,11332, 도시공간문화로읽는한국사,null,2,3,3,null
54,19,2769,10886, 동양고전의현대적이해,null,1,3,3,null
54,19,2769,10886, 동양고전의현대적이해,null,2,3,3,null
54,19,2769,11292, 모방과인간,null,1,3,3,null
54,19,2769,11292, 모방과인간,null,2,3,3,null
54,19,2769,11193, 법과젠더,null,1,3,3,null
54,19,2769,11193, 법과젠더,null,2,3,3,null
54,19,2769,10549, 북한정치의이해,null,1,3,3,null
54,19,2769,10549, 북한정치의이해,null,2,3,3,null
54,19,2769,10548, 북한주민의문화와생활,null,1,3,3,null
54,19,2769,10548, 북한주민의문화와생활,null,2,3,3,null
54,19,2769,10929, 브레인스펙트럼,null,1,3,3,null
54,19,2769,10929, 브레인스펙트럼,null,2,3,3,null
54,19,2769,10573, 생명윤리와법,null,1,3,3,null
54,19,2769,10573, 생명윤리와법,null,2,3,3,null
54,19,2769,10074, 성문화연구,null,1,3,3,null
54,19,2769,10074, 성문화연구,null,2,3,3,null
54,19,2769,10081, 시민생활과법,null,1,3,3,null
54,19,2769,10081, 시민생활과법,null,2,3,3,null
54,19,2769,10094, 여성학,null,1,3,3,null
54,19,2769,10094, 여성학,null,2,3,3,null
54,19,2769,11089, 여행과지리:글로벌화의지역탐색,null,1,3,3,null
54,19,2769,11089, 여행과지리:글로벌화의지역탐색,null,2,3,3,null
54,19,2769,10908, 영상이미지와젠더,null,1,3,3,null
54,19,2769,10908, 영상이미지와젠더,null,2,3,3,null
54,19,2769,10904, 우리사회의문제와쟁점찾기,null,1,3,3,null
54,19,2769,10904, 우리사회의문제와쟁점찾기,null,2,3,3,null
54,19,2769,10109, 인간발달과가족,null,1,3,3,null
54,19,2769,10109, 인간발달과가족,null,2,3,3,null
54,19,2769,10903, 인간발달과문화의다양성,null,1,3,3,null
54,19,2769,10903, 인간발달과문화의다양성,null,2,3,3,null
54,19,2769,11114, 인간은왜춤을추는가,null,1,3,3,null
54,19,2769,11114, 인간은왜춤을추는가,null,2,3,3,null
54,19,2769,11103, 인터넷과법,null,1,3,3,null
54,19,2769,11103, 인터넷과법,null,2,3,3,null
54,19,2769,11104, 죄와벌,null,1,3,3,null
54,19,2769,11104, 죄와벌,null,2,3,3,null
54,19,2769,10905, 지구촌의사회복지,null,1,3,3,null
54,19,2769,10905, 지구촌의사회복지,null,2,3,3,null
54,19,2769,11105, 직업세계와법,null,1,3,3,null
54,19,2769,11105, 직업세계와법,null,2,3,3,null
54,19,2769,11039, 키워드로읽는중국문화,null,1,3,3,null
54,19,2769,11039, 키워드로읽는중국문화,null,2,3,3,null
54,19,2769,10887, 현대중국의사회와문화,null,1,3,3,null
54,19,2769,10887, 현대중국의사회와문화,null,2,3,3,null
54,19,2769,11162, Middle Eastern Political Theology: Religious Sources,null,1,3,3,null
54,19,2769,11162, Middle Eastern Political Theology: Religious Sources,null,2,3,3,null
54,19,2769,11259, SDGs시대글로벌보건협력:개발도상국의보건의료현황과국제사회의지원,null,1,3,3,null
54,19,2769,11259, SDGs시대글로벌보건협력:개발도상국의보건의료현황과국제사회의지원,null,2,3,3,null
54,19,2769,11161, Social and Cultural Impact of Video Games,null,1,3,3,null
54,19,2769,11161, Social and Cultural Impact of Video Games,null,2,3,3,null
54,19,2769,11296, 청춘의아픔과치유:행복인문학,null,1,3,3,null
54,19,2769,11296, 청춘의아픔과치유:행복인문학,null,2,3,3,null
54,19,2769,10181, 환경과인간,null,1,3,3,null
54,19,2769,10181, 환경과인간,null,2,3,3,null
54,19,2769,11188, Introduction to Ethnic Conflict and Management,null,1,3,3,null
54,19,2769,11188, Introduction to Ethnic Conflict and Management,null,2,3,3,null
54,19,2769,11163, Literacy in the 21st Century,null,1,3,3,null
54,19,2769,11163, Literacy in the 21st Century,null,2,3,3,null
54,19,2769,10949, 국제구호와개발협력,null,1,3,3,null
54,19,2769,10949, 국제구호와개발협력,null,2,3,3,null
54,19,2769,11106, 글로벌시민의이해와리더십,null,1,3,3,null
54,19,2769,11106, 글로벌시민의이해와리더십,null,2,3,3,null
54,19,2769,10933, 대학생의성건강,null,1,3,3,null
54,19,2769,10933, 대학생의성건강,null,2,3,3,null
54,19,2769,11308, 데이터로고전읽기,null,1,3,3,null
54,19,2769,11308, 데이터로고전읽기,null,2,3,3,null
54,19,2769,11079, 장애와사회,null,1,3,3,null
54,19,2769,11079, 장애와사회,null,2,3,3,null
54,19,2770,11154, 사물인터넷개론,null,1,3,3,null
54,19,2770,11154, 사물인터넷개론,null,2,3,3,null
54,19,2770,10556, 인터넷과소셜컴퓨팅,null,1,3,3,null
54,19,2770,10556, 인터넷과소셜컴퓨팅,null,2,3,3,null
54,19,2770,11160, 정보기술과미래사회,null,1,3,3,null
54,19,2770,11160, 정보기술과미래사회,null,2,3,3,null
54,19,2770,10123, 정보사회와인터넷윤리,null,1,3,3,null
54,19,2770,10123, 정보사회와인터넷윤리,null,2,3,3,null
54,19,2770,10930, Behavior of Animals,null,1,3,3,null
54,19,2770,10930, Behavior of Animals,null,2,3,3,null
54,19,2770,11111, SF영화로배우는철학,null,1,3,3,null
54,19,2770,11111, SF영화로배우는철학,null,2,3,3,null
54,19,2770,11155, 과학과허구,null,1,3,3,null
54,19,2770,11155, 과학과허구,null,2,3,3,null
54,19,2770,11101, 과학과문화의커뮤니케이션,null,1,3,3,null
54,19,2770,11101, 과학과문화의커뮤니케이션,null,2,3,3,null
54,19,2770,11043, 글로벌사회의기록과정보,null,1,3,3,null
54,19,2770,11043, 글로벌사회의기록과정보,null,2,3,3,null
54,19,2770,10776, 글로벌시민을위한과학소양,null,1,3,3,null
54,19,2770,10776, 글로벌시민을위한과학소양,null,2,3,3,null
54,19,2770,11044, 디지털네이티브와검색엔진,null,1,3,3,null
54,19,2770,11044, 디지털네이티브와검색엔진,null,2,3,3,null
54,19,2770,11152, 모바일멀티미디어프로그래밍,null,1,3,3,null
54,19,2770,11152, 모바일멀티미디어프로그래밍,null,2,3,3,null
54,19,2770,10559, 미래를위한환경의이해,null,1,3,3,null
54,19,2770,10559, 미래를위한환경의이해,null,2,3,3,null
54,19,2770,11191, 식물의모든것,null,1,3,3,null
54,19,2770,11191, 식물의모든것,null,2,3,3,null
54,19,2770,10052, 약과건강,null,1,3,3,null
54,19,2770,10052, 약과건강,null,2,3,3,null
54,19,2770,11102," 에너지의이해,이용,실천",null,1,3,3,null
54,19,2770,11102," 에너지의이해,이용,실천",null,2,3,3,null
54,19,2770,11257, 에피소드로보는과학철학,null,1,3,3,null
54,19,2770,11257, 에피소드로보는과학철학,null,2,3,3,null
54,19,2770,10910, 위험판단심리학,null,1,3,3,null
54,19,2770,10910, 위험판단심리학,null,2,3,3,null
54,19,2770,10104, 응용통계입문,null,1,3,3,null
54,19,2770,10104, 응용통계입문,null,2,3,3,null
54,19,2770,11336, 인공지능과인간,null,1,3,3,null
54,19,2770,11336, 인공지능과인간,null,2,3,3,null
54,19,2770,11261, 인공지능시대의정보산업이해,null,1,3,3,null
54,19,2770,11261, 인공지능시대의정보산업이해,null,2,3,3,null
54,19,2770,11156," 자연과의대화,환경생태",null,1,3,3,null
54,19,2770,11156," 자연과의대화,환경생태",null,2,3,3,null
54,19,2770,11096, 정보화사회와통계,null,1,3,3,null
54,19,2770,11096, 정보화사회와통계,null,2,3,3,null
54,19,2770,10135, 지구의역사,null,1,3,3,null
54,19,2770,10135, 지구의역사,null,2,3,3,null
54,19,2770,11042, 컴퓨터와마음,null,1,3,3,null
54,19,2770,11042, 컴퓨터와마음,null,2,3,3,null
54,19,2770,11145, 크리에이티브컴퓨팅,null,1,3,3,null
54,19,2770,11145, 크리에이티브컴퓨팅,null,2,3,3,null
54,19,2770,10164, 현대물리학과인간사고의변혁,null,1,3,3,null
54,19,2770,10164, 현대물리학과인간사고의변혁,null,2,3,3,null
54,19,2770,11157, 환경재난과국제협력,null,1,3,3,null
54,19,2770,11157, 환경재난과국제협력,null,2,3,3,null
54,19,2770,11159, General Biology,null,1,3,3,null
54,19,2770,11159, General Biology,null,2,3,3,null
54,19,2770,11262, 생활속의미생물,null,1,3,3,null
54,19,2770,11262, 생활속의미생물,null,2,3,3,null
54,19,2770,11187, 빅데이터사회와정보활용,null,1,3,3,null
54,19,2770,11187, 빅데이터사회와정보활용,null,2,3,3,null
54,19,2770,11264, 세계의자연유산과지오투어리즘,null,1,3,3,null
54,19,2770,11264, 세계의자연유산과지오투어리즘,null,2,3,3,null
54,19,2770,11098, 주거로보는건축문화,null,1,3,3,null
54,19,2770,11098, 주거로보는건축문화,null,2,3,3,null
54,19,2771,11208, IT융합설계개론,null,1,3,3,null
54,19,2771,11208, IT융합설계개론,null,2,3,3,null
54,19,2771,11309, 문제해결과SW프로그래밍,null,1,3,3,null
54,19,2771,11309, 문제해결과SW프로그래밍,null,2,3,3,null
54,19,2771,11214, 간호와휴머니즘,null,1,3,3,null
54,19,2771,11214, 간호와휴머니즘,null,2,3,3,null
54,19,2771,11206, 계산의기초와융합적문제해결,null,1,3,3,null
54,19,2771,11206, 계산의기초와융합적문제해결,null,2,3,3,null
54,19,2771,11207, 과학자를위한기초현대통계학론,null,1,3,3,null
54,19,2771,11207, 과학자를위한기초현대통계학론,null,2,3,3,null
54,19,2771,11210, 교육커뮤니케이션의이해와실제,null,1,3,3,null
54,19,2771,11210, 교육커뮤니케이션의이해와실제,null,2,3,3,null
54,19,2771,11212, 글로벌커리어개발과기업가정신,null,1,3,3,null
54,19,2771,11212, 글로벌커리어개발과기업가정신,null,2,3,3,null
54,19,2771,11204, 논리로과학읽기,null,1,3,3,null
54,19,2771,11204, 논리로과학읽기,null,2,3,3,null
54,19,2771,11209, 시각적사고를통한일상의문화와트랜드,null,1,3,3,null
54,19,2771,11209, 시각적사고를통한일상의문화와트랜드,null,2,3,3,null
54,19,2771,11263, 예술과기술,null,1,3,3,null
54,19,2771,11263, 예술과기술,null,2,3,3,null
54,19,2771,11233, 음악과테크놀로지,null,1,3,3,null
54,19,2771,11233, 음악과테크놀로지,null,2,3,3,null
54,19,2771,11235, 의료생명분야에서의컴퓨터적사고,null,1,3,3,null
54,19,2771,11235, 의료생명분야에서의컴퓨터적사고,null,2,3,3,null
54,19,2771,11213, 질병과몸의역사,null,1,3,3,null
54,19,2771,11213, 질병과몸의역사,null,2,3,3,null
54,19,2771,11205, 컴퓨터과학적인식과문제해결,null,1,3,3,null
54,19,2771,11205, 컴퓨터과학적인식과문제해결,null,2,3,3,null
54,19,2771,11232, 컴퓨터적사고와이해,null,1,3,3,null
54,19,2771,11232, 컴퓨터적사고와이해,null,2,3,3,null
54,19,2771,11234, 컴퓨터적사고와조형적활용,null,1,3,3,null
54,19,2771,11234, 컴퓨터적사고와조형적활용,null,2,3,3,null
54,19,2771,11211, 컴퓨팅적사고와프로그래밍,null,1,3,3,null
54,19,2771,11211, 컴퓨팅적사고와프로그래밍,null,2,3,3,null
54,19,2771,11215, 통합적분쟁이해와조정,null,1,3,3,null
54,19,2771,11215, 통합적분쟁이해와조정,null,2,3,3,null
54,19,2771,11260, 기업가정신과기술혁신,null,1,3,3,null
54,19,2771,11357,데이터컨버저스와법,null,1,3,3,null
54,19,2771,11357,데이터컨버저스와법,null,2,3,3,null
54,19,2771,11373,데이터컴퓨팅,null,1,3,3,null
54,19,2771,11373,데이터컴퓨팅,null,2,3,3,null
54,19,2771,11356,리눅스와시스템적사고,null,1,3,3,null
54,19,2771,11356,리눅스와시스템적사고,null,2,3,3,null
54,19,2771,11365,빅데이터와젠더,null,1,3,3,null
54,19,2771,11365,빅데이터와젠더,null,2,3,3,null
54,19,2771,11367,사회문제해결을위한R프로그래밍기초,null,1,3,3,null
54,19,2771,11367,사회문제해결을위한R프로그래밍기초,null,2,3,3,null
54,19,2771,11368,정보와인공지능의수리적이해,null,1,3,3,null
54,19,2771,11368,정보와인공지능의수리적이해,null,2,3,3,null
54,19,2771,11374,컴퓨터보안과윈도우포렌식,null,1,3,3,null
54,19,2771,11374,컴퓨터보안과윈도우포렌식,null,2,3,3,null
54,19,2771,11362,컴퓨터속의우주,null,1,3,3,null
54,19,2771,11362,컴퓨터속의우주,null,2,3,3,null
54,19,2771,11369,컴퓨터식문제해결기법,null,1,3,3,null
54,19,2771,11369,컴퓨터식문제해결기법,null,2,3,3,null
54,19,2771,11364,푸드테크시대의음식과디자인,null,1,3,3,null
54,19,2771,11364,푸드테크시대의음식과디자인,null,2,3,3,null
54,20,2774,10023, 기독교와세계,1,1,3,3,null
54,20,2774,10023, 기독교와세계,1,2,3,3,null
54,20,2775,11352, 통합적사고와글쓰기,1,1,3,2,null
54,20,2775,11352, 통합적사고와글쓰기,1,2,3,2,null
54,20,2777,10098,College English,1,1,3,3,null
54,20,2777,10098,College English,1,2,3,3,null
54,20,2776,11208, IT융합설계개론,null,1,3,3,null
54,20,2776,11208, IT융합설계개론,null,2,3,3,null
54,20,2776,11206, 계산의기초와융합적문제해결,null,1,3,3,null
54,20,2776,11206, 계산의기초와융합적문제해결,null,2,3,3,null
54,20,2776,11204, 논리와컴퓨터,null,1,3,3,null
54,20,2776,11204, 논리와컴퓨터,null,2,3,3,null
54,20,2776,11357, 데이터컨버전스와법,null,1,3,3,null
54,20,2776,11357, 데이터컨버전스와법,null,2,3,3,null
54,20,2776,11373, 데이터컴퓨팅,null,1,3,3,null
54,20,2776,11373, 데이터컴퓨팅,null,2,3,3,null
54,20,2776,11356, 리눅스와시스템적사고,null,1,3,3,null
54,20,2776,11356, 리눅스와시스템적사고,null,2,3,3,null
54,20,2776,11309, 문제해결과SW프로그래밍,null,1,3,3,null
54,20,2776,11309, 문제해결과SW프로그래밍,null,2,3,3,null
54,20,2776,11365, 빅데이터와젠더,null,1,3,3,null
54,20,2776,11365, 빅데이터와젠더,null,2,3,3,null
54,20,2776,11367, 사회문제해결을위한R프로그래밍기초,null,1,3,3,null
54,20,2776,11367, 사회문제해결을위한R프로그래밍기초,null,2,3,3,null
54,20,2776,11233, 음악테크놀로지와프로그래밍,null,1,3,3,null
54,20,2776,11233, 음악테크놀로지와프로그래밍,null,2,3,3,null
54,20,2776,11368, 정보와인공지능의수리적이해,null,1,3,3,null
54,20,2776,11368, 정보와인공지능의수리적이해,null,2,3,3,null
54,20,2776,11205, 컴퓨터과학적인식과문제해결,null,1,3,3,null
54,20,2776,11205, 컴퓨터과학적인식과문제해결,null,2,3,3,null
54,20,2776,11374, 컴퓨터보안과윈도우포렌식,null,1,3,3,null
54,20,2776,11374, 컴퓨터보안과윈도우포렌식,null,2,3,3,null
54,20,2776,11362, 컴퓨터속의우주,null,1,3,3,null
54,20,2776,11362, 컴퓨터속의우주,null,2,3,3,null
54,20,2776,11369, 컴퓨터식문제해결기법,null,1,3,3,null
54,20,2776,11369, 컴퓨터식문제해결기법,null,2,3,3,null
54,20,2776,11232, 컴퓨터적사고와이해,null,1,3,3,null
54,20,2776,11232, 컴퓨터적사고와이해,null,2,3,3,null
54,20,2776,11234, 컴퓨터적사고와조형적활용,null,1,3,3,null
54,20,2776,11234, 컴퓨터적사고와조형적활용,null,2,3,3,null
54,20,2776,11211, 컴퓨팅적사고와프로그래밍,null,1,3,3,null
54,20,2776,11211, 컴퓨팅적사고와프로그래밍,null,2,3,3,null
54,20,2776,11364, 푸드테크시대의음식과디자인,null,1,3,3,null
54,20,2776,11364, 푸드테크시대의음식과디자인,null,2,3,3,null
54,20,2776,11207, 프로그래밍과통계적사고,null,1,3,3,null
54,20,2776,11207, 프로그래밍과통계적사고,null,2,3,3,null
54,20,2776,11361, 프로그래밍을위한컴퓨팅적사고,null,1,3,3,null
54,20,2776,11361, 프로그래밍을위한컴퓨팅적사고,null,2,3,3,null
54,20,2779,11053, 21세기사회와문학의대화,null,1,3,3,null
54,20,2779,11053, 21세기사회와문학의대화,null,2,3,3,null
54,20,2779,11334, Critical and Creative Textual Studies,null,1,3,3,null
54,20,2779,11334, Critical and Creative Textual Studies,null,2,3,3,null
54,20,2779,11183, The Story of Human Language,null,1,3,3,null
54,20,2779,11183, The Story of Human Language,null,2,3,3,null
54,20,2779,11165, Topics in Multiethnic American Literature,null,1,3,3,null
54,20,2779,11165, Topics in Multiethnic American Literature,null,2,3,3,null
54,20,2779,11112, 다매체시대의비교문학,null,1,3,3,null
54,20,2779,11112, 다매체시대의비교문학,null,2,3,3,null
54,20,2779,11108, 동아시아문학으로문화읽기,null,1,3,3,null
54,20,2779,11108, 동아시아문학으로문화읽기,null,2,3,3,null
54,20,2779,11038, 디지털미디어시대의동아시아문자,null,1,3,3,null
54,20,2779,11038, 디지털미디어시대의동아시아문자,null,2,3,3,null
54,20,2779,10041, 문학과삶,null,1,3,3,null
54,20,2779,10041, 문학과삶,null,2,3,3,null
54,20,2779,10654, 문학과영화,null,1,3,3,null
54,20,2779,10654, 문학과영화,null,2,3,3,null
54,20,2779,11148, 문학으로보는사랑의역사,null,1,3,3,null
54,20,2779,11148, 문학으로보는사랑의역사,null,2,3,3,null
54,20,2779,11184, 문학으로함께배우는매체/이야기,null,1,3,3,null
54,20,2779,11184, 문학으로함께배우는매체/이야기,null,2,3,3,null
54,20,2779,11146, 문화로읽는현대시의세계,null,1,3,3,null
54,20,2779,11146, 문화로읽는현대시의세계,null,1,3,3,null
54,20,2779,11147, 사이언스픽션의이해,null,1,3,3,null
54,20,2779,11147, 사이언스픽션의이해,null,2,3,3,null
54,20,2779,11297, 생태와문학,null,1,3,3,null
54,20,2779,11297, 생태와문학,null,2,3,3,null
54,20,2779,10768, 신화·상상력·문화,null,1,3,3,null
54,20,2779,10768, 신화·상상력·문화,null,2,3,3,null
54,20,2779,11109, 여행문학과세계인식,null,1,3,3,null
54,20,2779,11109, 여행문학과세계인식,null,2,3,3,null
54,20,2779,10882, 인간과언어,null,1,3,3,null
54,20,2779,10882, 인간과언어,null,2,3,3,null
54,20,2779,11258, 자연과문학,null,1,3,3,null
54,20,2779,11258, 자연과문학,null,2,3,3,null
54,20,2779,10543, 한국현대시와삶읽기,null,1,3,3,null
54,20,2779,10543, 한국현대시와삶읽기,null,2,3,3,null
54,20,2779,11134, 현대영어권문학의동향,null,1,3,3,null
54,20,2779,11134, 현대영어권문학의동향,null,2,3,3,null
54,20,2779,10896, 환상문학의세계,null,1,3,3,null
54,20,2779,10896, 환상문학의세계,null,2,3,3,null
54,20,2779,10950, 디지털스토리텔링의이해,null,1,3,3,null
54,20,2779,10950, 디지털스토리텔링의이해,null,2,3,3,null
54,20,2780,11107, 21세기의예술과인간,null,1,3,3,null
54,20,2780,11107, 21세기의예술과인간,null,2,3,3,null
54,20,2780,11164, Contemporary Photography,null,1,3,3,null
54,20,2780,11164, Contemporary Photography,null,2,3,3,null
54,20,2780,10033, 동양미술의이해,null,1,3,3,null
54,20,2780,10033, 동양미술의이해,null,2,3,3,null
54,20,2780,10778, 디지털매체와예술,null,1,3,3,null
54,20,2780,10778, 디지털매체와예술,null,2,3,3,null
54,20,2780,10576, 무용의이해,null,1,3,3,null
54,20,2780,10576, 무용의이해,null,2,3,3,null
54,20,2780,11153, 문화콘텐츠기획의이해,null,1,3,3,null
54,20,2780,11153, 문화콘텐츠기획의이해,null,2,3,3,null
54,20,2780,11328, 미술로치유하는마음,null,1,3,3,null
54,20,2780,11328, 미술로치유하는마음,null,2,3,3,null
54,20,2780,11083, 미학과미술,null,1,3,3,null
54,20,2780,11083, 미학과미술,null,2,3,3,null
54,20,2780,10072, 서양미술의이해,null,1,3,3,null
54,20,2780,10072, 서양미술의이해,null,2,3,3,null
54,20,2780,10073, 서양음악의이해,null,1,3,3,null
54,20,2780,10073, 서양음악의이해,null,2,3,3,null
54,20,2780,11084, 시각문화로서미술작품읽기,null,1,3,3,null
54,20,2780,11084, 시각문화로서미술작품읽기,null,2,3,3,null
54,20,2780,11209, 시각적사고를통한일상의문화와트랜드,null,1,3,3,null
54,20,2780,11209, 시각적사고를통한일상의문화와트랜드,null,2,3,3,null
54,20,2780,10090, 여성과예술,null,1,3,3,null
54,20,2780,10090, 여성과예술,null,2,3,3,null
54,20,2780,11113, 여성의몸과창조적움직임,null,1,3,3,null
54,20,2780,11113, 여성의몸과창조적움직임,null,2,3,3,null
54,20,2780,10097, 연극의이론과실제,null,1,3,3,null
54,20,2780,10097, 연극의이론과실제,null,2,3,3,null
54,20,2780,11110, 예술가와그의시대,null,1,3,3,null
54,20,2780,11110, 예술가와그의시대,null,2,3,3,null
54,20,2780,10100, 예술과사상,null,1,3,3,null
54,20,2780,10100, 예술과사상,null,2,3,3,null
54,20,2780,11055, 옛시와그림의만남,null,1,3,3,null
54,20,2780,11055, 옛시와그림의만남,null,2,3,3,null
54,20,2780,11265, 음악과건강,null,1,3,3,null
54,20,2780,11265, 음악과건강,null,2,3,3,null
54,20,2780,11075, 창조와상상의기술,null,1,3,3,null
54,20,2780,11075, 창조와상상의기술,null,2,3,3,null
54,20,2780,11035," 퍼포먼스인문학:제의,놀이,연극",null,1,3,3,null
54,20,2780,11035," 퍼포먼스인문학:제의,놀이,연극",null,2,3,3,null
54,20,2780,10892," 표현,예술,그리고시대정신",null,1,3,3,null
54,20,2780,10892," 표현,예술,그리고시대정신",null,2,3,3,null
54,20,2780,10152, 한국미술의이해,null,1,3,3,null
54,20,2780,10152, 한국미술의이해,null,2,3,3,null
54,20,2780,11333," 한국사와상상력,스토리텔링",null,1,3,3,null
54,20,2780,11333," 한국사와상상력,스토리텔링",null,2,3,3,null
54,20,2780,10883, 한국의문화공간과예술,null,1,3,3,null
54,20,2780,10883, 한국의문화공간과예술,null,2,3,3,null
54,20,2780,10165, 현대미술사,null,1,3,3,null
54,20,2780,10165, 현대미술사,null,2,3,3,null
54,20,2780,11330, Reading American Popular Culture in the Digital Age,null,1,3,3,null
54,20,2780,11330, Reading American Popular Culture in the Digital Age,null,2,3,3,null
54,20,2780,10018, 국악의이해,null,1,3,3,null
54,20,2780,10018, 국악의이해,null,2,3,3,null
54,20,2780,11329, 색채의이해,null,1,3,3,null
54,20,2780,11329, 색채의이해,null,2,3,3,null
54,20,2780,11263, 예술과기술,null,1,3,3,null
54,20,2780,11263, 예술과기술,null,2,3,3,null
54,20,2780,11116, Introduction to World Music and Culture,null,1,3,3,null
54,20,2780,11116, Introduction to World Music and Culture,null,2,3,3,null
54,20,2780,11135, 사물과예술,null,1,3,3,null
54,20,2780,11135, 사물과예술,null,2,3,3,null
54,20,2781,11190, The Art of Thinking,null,1,3,3,null
54,20,2781,11190, The Art of Thinking,null,2,3,3,null
54,20,2781,10545, 근대일본과동아시아,null,1,3,3,null
54,20,2781,10545, 근대일본과동아시아,null,2,3,3,null
54,20,2781,11046, 동서양의인간이해,null,1,3,3,null
54,20,2781,11046, 동서양의인간이해,null,2,3,3,null
54,20,2781,10034, 동양철학의이해,null,1,3,3,null
54,20,2781,10034, 동양철학의이해,null,2,3,3,null
54,20,2781,10769, 모던/포스트모던문화읽기,null,1,3,3,null
54,20,2781,10769, 모던/포스트모던문화읽기,null,2,3,3,null
54,20,2781,11056, 문화로읽는한국사,null,1,3,3,null
54,20,2781,11056, 문화로읽는한국사,null,2,3,3,null
54,20,2781,11185, 문화와예술을통해본르네상스역사,null,1,3,3,null
54,20,2781,11185, 문화와예술을통해본르네상스역사,null,2,3,3,null
54,20,2781,10772, 여성과사회정의,null,1,3,3,null
54,20,2781,10772, 여성과사회정의,null,2,3,3,null
54,20,2781,11054, 연어프로젝트:한국여성나의뿌리를찾아서 ,null,1,3,3,null
54,20,2781,11054, 연어프로젝트:한국여성나의뿌리를찾아서 ,null,2,3,3,null
54,20,2781,10108, 인간과종교,null,1,3,3,null
54,20,2781,10108, 인간과종교,null,2,3,3,null
54,20,2781,11041, 인간과철학적사유,null,1,3,3,null
54,20,2781,11041, 인간과철학적사유,null,2,3,3,null
54,20,2781,11293, 인물로본중국의역사,null,1,3,3,null
54,20,2781,11293, 인물로본중국의역사,null,2,3,3,null
54,20,2781,10581, 인물로본한국사,null,1,3,3,null
54,20,2781,10581, 인물로본한국사,null,2,3,3,null
54,20,2781,11078, 젠더와역사,null,1,3,3,null
54,20,2781,11078, 젠더와역사,null,2,3,3,null
54,20,2781,10767, 종교와문화,null,1,3,3,null
54,20,2781,10767, 종교와문화,null,2,3,3,null
54,20,2781,11057, 주제로살펴보는서양근현대사,null,1,3,3,null
54,20,2781,11057, 주제로살펴보는서양근현대사,null,2,3,3,null
54,20,2781,10544, 중국의역사와문화,null,1,3,3,null
54,20,2781,10544, 중국의역사와문화,null,2,3,3,null
54,20,2781,11297, 질병치료와백신의역사,null,1,3,3,null
54,20,2781,11297, 질병치료와백신의역사,null,2,3,3,null
54,20,2781,11189, 철학의은유들,null,1,3,3,null
54,20,2781,11189, 철학의은유들,null,2,3,3,null
54,20,2781,11045, 패러다임전환과비판이론,null,1,3,3,null
54,20,2781,11045, 패러다임전환과비판이론,null,2,3,3,null
54,20,2781,10149, 한국근현대사 ,null,1,3,3,null
54,20,2781,10149, 한국근현대사 ,null,2,3,3,null
54,20,2781,11058, 한국사의새로운이해,null,1,3,3,null
54,20,2781,11058, 한국사의새로운이해,null,2,3,3,null
54,20,2781,11366, 한국의문화유산역사여행,null,1,3,3,null
54,20,2781,11366, 한국의문화유산역사여행,null,2,3,3,null
54,20,2781,11186, Evolutionary Origin of Humans,null,1,3,3,null
54,20,2781,11186, Evolutionary Origin of Humans,null,2,3,3,null
54,20,2781,11295, 인공지능시대의과학과종교,null,1,3,3,null
54,20,2781,11295, 인공지능시대의과학과종교,null,2,3,3,null
54,20,2782,11360, ICT융복합복지와법,null,1,3,3,null
54,20,2782,11360, ICT융복합복지와법,null,2,3,3,null
54,20,2782,11259, SDGs시대글로벌보건협력:개발도상국의보건의료현황과국제사회의지원 ,null,1,3,3,null
54,20,2782,11259, SDGs시대글로벌보건협력:개발도상국의보건의료현황과국제사회의지원 ,null,2,3,3,null
54,20,2782,10011, 가족건강과간호,null,1,3,3,null
54,20,2782,10011, 가족건강과간호,null,2,3,3,null
54,20,2782,10932, 건축으로읽는사회문화사,null,1,3,3,null
54,20,2782,10932, 건축으로읽는사회문화사,null,2,3,3,null
54,20,2782,10013, 경영과사회,null,1,3,3,null
54,20,2782,10013, 경영과사회,null,2,3,3,null
54,20,2782,11210, 교육커뮤니케이션의이해와실제,null,1,3,3,null
54,20,2782,11210, 교육커뮤니케이션의이해와실제,null,2,3,3,null
54,20,2782,10949, 국제구호와개발협력,null,1,3,3,null
54,20,2782,10949, 국제구호와개발협력,null,2,3,3,null
54,20,2782,10913, 글로벌시대의다문화사회,null,1,3,3,null
54,20,2782,10913, 글로벌시대의다문화사회,null,2,3,3,null
54,20,2782,10914, 글로벌시대의아시아여성,null,1,3,3,null
54,20,2782,10914, 글로벌시대의아시아여성,null,2,3,3,null
54,20,2782,11260, 기업과정신과혁신,null,1,3,3,null
54,20,2782,11260, 기업과정신과혁신,null,2,3,3,null
54,20,2782,10091, 노동과젠더,null,1,3,3,null
54,20,2782,10091, 노동과젠더,null,2,3,3,null
54,20,2782,11332, 도시공간문화로읽는한국사,null,1,3,3,null
54,20,2782,11332, 도시공간문화로읽는한국사,null,2,3,3,null
54,20,2782,10886, 동양고전의현대적이해,null,1,3,3,null
54,20,2782,10886, 동양고전의현대적이해,null,2,3,3,null
54,20,2782,11292, 모방과인간,null,1,3,3,null
54,20,2782,11292, 모방과인간,null,2,3,3,null
54,20,2782,11193, 법과젠더,null,1,3,3,null
54,20,2782,11193, 법과젠더,null,2,3,3,null
54,20,2782,10549, 북한정치의이해,null,1,3,3,null
54,20,2782,10549, 북한정치의이해,null,2,3,3,null
54,20,2782,10548, 북한주민의문화와생활,null,1,3,3,null
54,20,2782,10548, 북한주민의문화와생활,null,2,3,3,null
54,20,2782,10929, 브레인스펙트럼,null,1,3,3,null
54,20,2782,10929, 브레인스펙트럼,null,2,3,3,null
54,20,2782,10573, 생명윤리와법,null,1,3,3,null
54,20,2782,10573, 생명윤리와법,null,2,3,3,null
54,20,2782,10074, 성문화연구,null,1,3,3,null
54,20,2782,10074, 성문화연구,null,2,3,3,null
54,20,2782,10081, 시민생활과법,null,1,3,3,null
54,20,2782,10081, 시민생활과법,null,2,3,3,null
54,20,2782,10094, 여성학,null,1,3,3,null
54,20,2782,10094, 여성학,null,2,3,3,null
54,20,2782,11089, 여행과지리:글로벌화의지역탐색,null,1,3,3,null
54,20,2782,11089, 여행과지리:글로벌화의지역탐색,null,2,3,3,null
54,20,2782,10908, 영상이미지와젠더,null,1,3,3,null
54,20,2782,10908, 영상이미지와젠더,null,2,3,3,null
54,20,2782,10904, 우리사회의문제와쟁점찾기,null,1,3,3,null
54,20,2782,10904, 우리사회의문제와쟁점찾기,null,2,3,3,null
54,20,2782,11358, 인간관계심리,null,1,3,3,null
54,20,2782,11358, 인간관계심리,null,2,3,3,null
54,20,2782,10109, 인간발달과가족,null,1,3,3,null
54,20,2782,10109, 인간발달과가족,null,2,3,3,null
54,20,2782,10903, 인간발달과문화의다양성,null,1,3,3,null
54,20,2782,10903, 인간발달과문화의다양성,null,2,3,3,null
54,20,2782,11114, 인간은왜춤을추는가,null,1,3,3,null
54,20,2782,11114, 인간은왜춤을추는가,null,2,3,3,null
54,20,2782,11103, 인터넷과법,null,1,3,3,null
54,20,2782,11103, 인터넷과법,null,2,3,3,null
54,20,2782,11359, 정신건강과행복,null,1,3,3,null
54,20,2782,11359, 정신건강과행복,null,2,3,3,null
54,20,2782,11104, 죄와벌,null,1,3,3,null
54,20,2782,11104, 죄와벌,null,2,3,3,null
54,20,2782,10905, 지구촌의사회복지,null,1,3,3,null
54,20,2782,10905, 지구촌의사회복지,null,2,3,3,null
54,20,2782,11105, 직업세계와법,null,1,3,3,null
54,20,2782,11105, 직업세계와법,null,2,3,3,null
54,20,2782,11039, 키워드로읽는중국문화,null,1,3,3,null
54,20,2782,11039, 키워드로읽는중국문화,null,2,3,3,null
54,20,2782,11215, 통합적분쟁이해와조정,null,1,3,3,null
54,20,2782,11215, 통합적분쟁이해와조정,null,2,3,3,null
54,20,2782,10887, 현대중국의이해,null,1,3,3,null
54,20,2782,10887, 현대중국의이해,null,2,3,3,null
54,20,2782,11162, Middle Eastern Political Theology: Religious Sources,null,1,3,3,null
54,20,2782,11162, Middle Eastern Political Theology: Religious Sources,null,2,3,3,null
54,20,2782,11079, 장애와사회,null,1,3,3,null
54,20,2782,11079, 장애와사회,null,2,3,3,null
54,20,2782,11296, 청춘의아픔과치유:행복인문학,null,1,3,3,null
54,20,2782,11296, 청춘의아픔과치유:행복인문학,null,2,3,3,null
54,20,2782,10181, 환경과인간,null,1,3,3,null
54,20,2782,10181, 환경과인간,null,2,3,3,null
54,20,2782,11188, Introduction to Ethnic Conflict and Management,null,1,3,3,null
54,20,2782,11188, Introduction to Ethnic Conflict and Management,null,2,3,3,null
54,20,2782,11106, 글로벌시민의이해와리더십,null,1,3,3,null
54,20,2782,11106, 글로벌시민의이해와리더십,null,2,3,3,null
54,20,2782,10933, 대학생의성건강,null,1,3,3,null
54,20,2782,10933, 대학생의성건강,null,2,3,3,null
54,20,2782,11308, 데이터로고전읽기,null,1,3,3,null
54,20,2782,11308, 데이터로고전읽기,null,2,3,3,null
54,20,2782,11351, 삶을위한멘탈코칭,null,1,3,3,null
54,20,2782,11351, 삶을위한멘탈코칭,null,1,3,3,null
54,20,2783,10556, 4차산업혁명과창의융합SW,null,1,3,3,null
54,20,2783,10556, 4차산업혁명과창의융합SW,null,2,3,3,null
54,20,2783,10930, Behavior of Animals,null,1,3,3,null
54,20,2783,10930, Behavior of Animals,null,2,3,3,null
54,20,2783,11111, SF영화로배우는철학,null,1,3,3,null
54,20,2783,11111, SF영화로배우는철학,null,2,3,3,null
54,20,2783,11155, 과학과허구,null,1,3,3,null
54,20,2783,11155, 과학과허구,null,2,3,3,null
54,20,2783,11101, 과학문화와커뮤니케이션,null,1,3,3,null
54,20,2783,11101, 과학문화와커뮤니케이션,null,2,3,3,null
54,20,2783,10776, 글로벌시민을위한과학소양,null,1,3,3,null
54,20,2783,10776, 글로벌시민을위한과학소양,null,2,3,3,null
54,20,2783,11154, 사물인터넷개론,null,1,3,3,null
54,20,2783,11154, 사물인터넷개론,null,2,3,3,null
54,20,2783,10052, 약과건강,null,1,3,3,null
54,20,2783,10052, 약과건강,null,2,3,3,null
54,20,2783,11102," 에너지의이해,이용,실천",null,1,3,3,null
54,20,2783,11102," 에너지의이해,이용,실천",null,2,3,3,null
54,20,2783,11257, 에피소드로보는과학철학,null,1,3,3,null
54,20,2783,11257, 에피소드로보는과학철학,null,2,3,3,null
54,20,2783,10910, 위험판단심리학,null,1,3,3,null
54,20,2783,10910, 위험판단심리학,null,2,3,3,null
54,20,2783,10104, 응용통계입문,null,1,3,3,null
54,20,2783,10104, 응용통계입문,null,2,3,3,null
54,20,2783,11336, 인공지능과인간,null,1,3,3,null
54,20,2783,11336, 인공지능과인간,null,2,3,3,null
54,20,2783,11261, 인공지능시대의정보산업이해,null,1,3,3,null
54,20,2783,11261, 인공지능시대의정보산업이해,null,2,3,3,null
54,20,2783,10559, 인류문명과환경과학,null,1,3,3,null
54,20,2783,10559, 인류문명과환경과학,null,2,3,3,null
54,20,2783,11156," 자연과의대화,환경생태",null,1,3,3,null
54,20,2783,11156," 자연과의대화,환경생태",null,2,3,3,null
54,20,2783,11160, 정보기술과미래사회,null,1,3,3,null
54,20,2783,11160, 정보기술과미래사회,null,2,3,3,null
54,20,2783,10123, 정보사회와인터넷윤리,null,1,3,3,null
54,20,2783,10123, 정보사회와인터넷윤리,null,2,3,3,null
54,20,2783,11096, 정보화사회와통계,null,1,3,3,null
54,20,2783,11096, 정보화사회와통계,null,2,3,3,null
54,20,2783,10135, 지구의역사,null,1,3,3,null
54,20,2783,10135, 지구의역사,null,2,3,3,null
54,20,2783,11042, 컴퓨터와마음,null,1,3,3,null
54,20,2783,11042, 컴퓨터와마음,null,2,3,3,null
54,20,2783,11152, 콘텐츠컴퓨팅,null,1,3,3,null
54,20,2783,11152, 콘텐츠컴퓨팅,null,2,3,3,null
54,20,2783,11145, 크리에이티브컴퓨팅,null,1,3,3,null
54,20,2783,11145, 크리에이티브컴퓨팅,null,2,3,3,null
54,20,2783,10164, 현대물리학과인간사고의변혁,null,1,3,3,null
54,20,2783,10164, 현대물리학과인간사고의변혁,null,2,3,3,null
54,20,2783,11157, 환경재난과국제협력,null,1,3,3,null
54,20,2783,11157, 환경재난과국제협력,null,2,3,3,null
54,20,2783,11262, 생활속의미생물,null,1,3,3,null
54,20,2783,11262, 생활속의미생물,null,2,3,3,null
54,20,2783,11264, 세계의자연유산과지오투어리즘,null,1,3,3,null
54,20,2783,11264, 세계의자연유산과지오투어리즘,null,2,3,3,null
54,20,2783,11043, 현대사회의기록과정보,null,1,3,3,null
54,20,2783,11043, 현대사회의기록과정보,null,2,3,3,null
54,20,2783,11187, 빅데이터사회와정보활용,null,1,3,3,null
54,20,2783,11187, 빅데이터사회와정보활용,null,2,3,3,null
54,20,2783,11098, 주거로보는건축문화,null,1,3,3,null
54,20,2783,11098, 주거로보는건축문화,null,2,3,3,null
54,21,2786,10023, 기독교와세계,1,1,3,3,null
54,21,2786,10023, 기독교와세계,1,2,3,3,null
54,21,2787,11352, 통합적사고와글쓰기,1,1,3,2,null
54,21,2787,11352, 통합적사고와글쓰기,1,2,3,2,null
54,21,2789,10098,College English,1,1,3,3,null
54,21,2789,10098,College English,1,2,3,3,null
54,21,2788,11208, IT융합설계개론,null,1,3,3,null
54,21,2788,11208, IT융합설계개론,null,2,3,3,null
54,21,2788,11206, 계산의기초와융합적문제해결,null,1,3,3,null
54,21,2788,11206, 계산의기초와융합적문제해결,null,2,3,3,null
54,21,2788,11204, 논리와컴퓨터,null,1,3,3,null
54,21,2788,11204, 논리와컴퓨터,null,2,3,3,null
54,21,2788,11357, 데이터컨버전스와법,null,1,3,3,null
54,21,2788,11357, 데이터컨버전스와법,null,2,3,3,null
54,21,2788,11373, 데이터컴퓨팅,null,1,3,3,null
54,21,2788,11373, 데이터컴퓨팅,null,2,3,3,null
54,21,2788,11356, 리눅스와시스템적사고,null,1,3,3,null
54,21,2788,11356, 리눅스와시스템적사고,null,2,3,3,null
54,21,2788,11309, 문제해결과SW프로그래밍,null,1,3,3,null
54,21,2788,11309, 문제해결과SW프로그래밍,null,2,3,3,null
54,21,2788,11365, 빅데이터와젠더,null,1,3,3,null
54,21,2788,11365, 빅데이터와젠더,null,2,3,3,null
54,21,2788,11367, 사회문제해결을위한R프로그래밍기초,null,1,3,3,null
54,21,2788,11367, 사회문제해결을위한R프로그래밍기초,null,2,3,3,null
54,21,2788,11233, 음악테크놀로지와프로그래밍,null,1,3,3,null
54,21,2788,11233, 음악테크놀로지와프로그래밍,null,2,3,3,null
54,21,2788,11368, 정보와인공지능의수리적이해,null,1,3,3,null
54,21,2788,11368, 정보와인공지능의수리적이해,null,2,3,3,null
54,21,2788,11205, 컴퓨터과학적인식과문제해결,null,1,3,3,null
54,21,2788,11205, 컴퓨터과학적인식과문제해결,null,2,3,3,null
54,21,2788,11374, 컴퓨터보안과윈도우포렌식,null,1,3,3,null
54,21,2788,11374, 컴퓨터보안과윈도우포렌식,null,2,3,3,null
54,21,2788,11362, 컴퓨터속의우주,null,1,3,3,null
54,21,2788,11362, 컴퓨터속의우주,null,2,3,3,null
54,21,2788,11369, 컴퓨터식문제해결기법,null,1,3,3,null
54,21,2788,11369, 컴퓨터식문제해결기법,null,2,3,3,null
54,21,2788,11232, 컴퓨터적사고와이해,null,1,3,3,null
54,21,2788,11232, 컴퓨터적사고와이해,null,2,3,3,null
54,21,2788,11234, 컴퓨터적사고와조형적활용,null,1,3,3,null
54,21,2788,11234, 컴퓨터적사고와조형적활용,null,2,3,3,null
54,21,2788,11211, 컴퓨팅적사고와프로그래밍,null,1,3,3,null
54,21,2788,11211, 컴퓨팅적사고와프로그래밍,null,2,3,3,null
54,21,2788,11364, 푸드테크시대의음식과디자인,null,1,3,3,null
54,21,2788,11364, 푸드테크시대의음식과디자인,null,2,3,3,null
54,21,2788,11207, 프로그래밍과통계적사고,null,1,3,3,null
54,21,2788,11207, 프로그래밍과통계적사고,null,2,3,3,null
54,21,2788,11361, 프로그래밍을위한컴퓨팅적사고,null,1,3,3,null
54,21,2788,11361, 프로그래밍을위한컴퓨팅적사고,null,2,3,3,null
54,21,2791,11053, 21세기사회와문학의대화,null,1,3,3,null
54,21,2791,11053, 21세기사회와문학의대화,null,2,3,3,null
54,21,2791,11334, Critical and Creative Textual Studies,null,1,3,3,null
54,21,2791,11334, Critical and Creative Textual Studies,null,2,3,3,null
54,21,2791,11183, The Story of Human Language,null,1,3,3,null
54,21,2791,11183, The Story of Human Language,null,2,3,3,null
54,21,2791,11165, Topics in Multiethnic American Literature,null,1,3,3,null
54,21,2791,11165, Topics in Multiethnic American Literature,null,2,3,3,null
54,21,2791,11112, 다매체시대의비교문학,null,1,3,3,null
54,21,2791,11112, 다매체시대의비교문학,null,2,3,3,null
54,21,2791,11108, 동아시아문학으로문화읽기,null,1,3,3,null
54,21,2791,11108, 동아시아문학으로문화읽기,null,2,3,3,null
54,21,2791,11038, 디지털미디어시대의동아시아문자,null,1,3,3,null
54,21,2791,11038, 디지털미디어시대의동아시아문자,null,2,3,3,null
54,21,2791,10041, 문학과삶,null,1,3,3,null
54,21,2791,10041, 문학과삶,null,2,3,3,null
54,21,2791,10654, 문학과영화,null,1,3,3,null
54,21,2791,10654, 문학과영화,null,2,3,3,null
54,21,2791,11148, 문학으로보는사랑의역사,null,1,3,3,null
54,21,2791,11148, 문학으로보는사랑의역사,null,2,3,3,null
54,21,2791,11184, 문학으로함께배우는매체/이야기,null,1,3,3,null
54,21,2791,11184, 문학으로함께배우는매체/이야기,null,2,3,3,null
54,21,2791,11146, 문화로읽는현대시의세계,null,1,3,3,null
54,21,2791,11146, 문화로읽는현대시의세계,null,1,3,3,null
54,21,2791,11147, 사이언스픽션의이해,null,1,3,3,null
54,21,2791,11147, 사이언스픽션의이해,null,2,3,3,null
54,21,2791,11297, 생태와문학,null,1,3,3,null
54,21,2791,11297, 생태와문학,null,2,3,3,null
54,21,2791,10768, 신화·상상력·문화,null,1,3,3,null
54,21,2791,10768, 신화·상상력·문화,null,2,3,3,null
54,21,2791,11109, 여행문학과세계인식,null,1,3,3,null
54,21,2791,11109, 여행문학과세계인식,null,2,3,3,null
54,21,2791,10882, 인간과언어,null,1,3,3,null
54,21,2791,10882, 인간과언어,null,2,3,3,null
54,21,2791,11258, 자연과문학,null,1,3,3,null
54,21,2791,11258, 자연과문학,null,2,3,3,null
54,21,2791,10543, 한국현대시와삶읽기,null,1,3,3,null
54,21,2791,10543, 한국현대시와삶읽기,null,2,3,3,null
54,21,2791,11134, 현대영어권문학의동향,null,1,3,3,null
54,21,2791,11134, 현대영어권문학의동향,null,2,3,3,null
54,21,2791,10896, 환상문학의세계,null,1,3,3,null
54,21,2791,10896, 환상문학의세계,null,2,3,3,null
54,21,2791,10950, 디지털스토리텔링의이해,null,1,3,3,null
54,21,2791,10950, 디지털스토리텔링의이해,null,2,3,3,null
54,21,2792,11107, 21세기의예술과인간,null,1,3,3,null
54,21,2792,11107, 21세기의예술과인간,null,2,3,3,null
54,21,2792,11164, Contemporary Photography,null,1,3,3,null
54,21,2792,11164, Contemporary Photography,null,2,3,3,null
54,21,2792,10033, 동양미술의이해,null,1,3,3,null
54,21,2792,10033, 동양미술의이해,null,2,3,3,null
54,21,2792,10778, 디지털매체와예술,null,1,3,3,null
54,21,2792,10778, 디지털매체와예술,null,2,3,3,null
54,21,2792,10576, 무용의이해,null,1,3,3,null
54,21,2792,10576, 무용의이해,null,2,3,3,null
54,21,2792,11153, 문화콘텐츠기획의이해,null,1,3,3,null
54,21,2792,11153, 문화콘텐츠기획의이해,null,2,3,3,null
54,21,2792,11328, 미술로치유하는마음,null,1,3,3,null
54,21,2792,11328, 미술로치유하는마음,null,2,3,3,null
54,21,2792,11083, 미학과미술,null,1,3,3,null
54,21,2792,11083, 미학과미술,null,2,3,3,null
54,21,2792,10072, 서양미술의이해,null,1,3,3,null
54,21,2792,10072, 서양미술의이해,null,2,3,3,null
54,21,2792,10073, 서양음악의이해,null,1,3,3,null
54,21,2792,10073, 서양음악의이해,null,2,3,3,null
54,21,2792,11084, 시각문화로서미술작품읽기,null,1,3,3,null
54,21,2792,11084, 시각문화로서미술작품읽기,null,2,3,3,null
54,21,2792,11209, 시각적사고를통한일상의문화와트랜드,null,1,3,3,null
54,21,2792,11209, 시각적사고를통한일상의문화와트랜드,null,2,3,3,null
54,21,2792,10090, 여성과예술,null,1,3,3,null
54,21,2792,10090, 여성과예술,null,2,3,3,null
54,21,2792,11113, 여성의몸과창조적움직임,null,1,3,3,null
54,21,2792,11113, 여성의몸과창조적움직임,null,2,3,3,null
54,21,2792,10097, 연극의이론과실제,null,1,3,3,null
54,21,2792,10097, 연극의이론과실제,null,2,3,3,null
54,21,2792,11110, 예술가와그의시대,null,1,3,3,null
54,21,2792,11110, 예술가와그의시대,null,2,3,3,null
54,21,2792,10100, 예술과사상,null,1,3,3,null
54,21,2792,10100, 예술과사상,null,2,3,3,null
54,21,2792,11055, 옛시와그림의만남,null,1,3,3,null
54,21,2792,11055, 옛시와그림의만남,null,2,3,3,null
54,21,2792,11265, 음악과건강,null,1,3,3,null
54,21,2792,11265, 음악과건강,null,2,3,3,null
54,21,2792,11075, 창조와상상의기술,null,1,3,3,null
54,21,2792,11075, 창조와상상의기술,null,2,3,3,null
54,21,2792,11035," 퍼포먼스인문학:제의,놀이,연극",null,1,3,3,null
54,21,2792,11035," 퍼포먼스인문학:제의,놀이,연극",null,2,3,3,null
54,21,2792,10892," 표현,예술,그리고시대정신",null,1,3,3,null
54,21,2792,10892," 표현,예술,그리고시대정신",null,2,3,3,null
54,21,2792,10152, 한국미술의이해,null,1,3,3,null
54,21,2792,10152, 한국미술의이해,null,2,3,3,null
54,21,2792,11333," 한국사와상상력,스토리텔링",null,1,3,3,null
54,21,2792,11333," 한국사와상상력,스토리텔링",null,2,3,3,null
54,21,2792,10883, 한국의문화공간과예술,null,1,3,3,null
54,21,2792,10883, 한국의문화공간과예술,null,2,3,3,null
54,21,2792,10165, 현대미술사,null,1,3,3,null
54,21,2792,10165, 현대미술사,null,2,3,3,null
54,21,2792,11330, Reading American Popular Culture in the Digital Age,null,1,3,3,null
54,21,2792,11330, Reading American Popular Culture in the Digital Age,null,2,3,3,null
54,21,2792,10018, 국악의이해,null,1,3,3,null
54,21,2792,10018, 국악의이해,null,2,3,3,null
54,21,2792,11329, 색채의이해,null,1,3,3,null
54,21,2792,11329, 색채의이해,null,2,3,3,null
54,21,2792,11263, 예술과기술,null,1,3,3,null
54,21,2792,11263, 예술과기술,null,2,3,3,null
54,21,2792,11116, Introduction to World Music and Culture,null,1,3,3,null
54,21,2792,11116, Introduction to World Music and Culture,null,2,3,3,null
54,21,2792,11135, 사물과예술,null,1,3,3,null
54,21,2792,11135, 사물과예술,null,2,3,3,null
54,21,2793,11190, The Art of Thinking,null,1,3,3,null
54,21,2793,11190, The Art of Thinking,null,2,3,3,null
54,21,2793,10545, 근대일본과동아시아,null,1,3,3,null
54,21,2793,10545, 근대일본과동아시아,null,2,3,3,null
54,21,2793,11046, 동서양의인간이해,null,1,3,3,null
54,21,2793,11046, 동서양의인간이해,null,2,3,3,null
54,21,2793,10034, 동양철학의이해,null,1,3,3,null
54,21,2793,10034, 동양철학의이해,null,2,3,3,null
54,21,2793,10769, 모던/포스트모던문화읽기,null,1,3,3,null
54,21,2793,10769, 모던/포스트모던문화읽기,null,2,3,3,null
54,21,2793,11056, 문화로읽는한국사,null,1,3,3,null
54,21,2793,11056, 문화로읽는한국사,null,2,3,3,null
54,21,2793,11185, 문화와예술을통해본르네상스역사,null,1,3,3,null
54,21,2793,11185, 문화와예술을통해본르네상스역사,null,2,3,3,null
54,21,2793,10772, 여성과사회정의,null,1,3,3,null
54,21,2793,10772, 여성과사회정의,null,2,3,3,null
54,21,2793,11054, 연어프로젝트:한국여성나의뿌리를찾아서 ,null,1,3,3,null
54,21,2793,11054, 연어프로젝트:한국여성나의뿌리를찾아서 ,null,2,3,3,null
54,21,2793,10108, 인간과종교,null,1,3,3,null
54,21,2793,10108, 인간과종교,null,2,3,3,null
54,21,2793,11041, 인간과철학적사유,null,1,3,3,null
54,21,2793,11041, 인간과철학적사유,null,2,3,3,null
54,21,2793,11293, 인물로본중국의역사,null,1,3,3,null
54,21,2793,11293, 인물로본중국의역사,null,2,3,3,null
54,21,2793,10581, 인물로본한국사,null,1,3,3,null
54,21,2793,10581, 인물로본한국사,null,2,3,3,null
54,21,2793,11078, 젠더와역사,null,1,3,3,null
54,21,2793,11078, 젠더와역사,null,2,3,3,null
54,21,2793,10767, 종교와문화,null,1,3,3,null
54,21,2793,10767, 종교와문화,null,2,3,3,null
54,21,2793,11057, 주제로살펴보는서양근현대사,null,1,3,3,null
54,21,2793,11057, 주제로살펴보는서양근현대사,null,2,3,3,null
54,21,2793,10544, 중국의역사와문화,null,1,3,3,null
54,21,2793,10544, 중국의역사와문화,null,2,3,3,null
54,21,2793,11297, 질병치료와백신의역사,null,1,3,3,null
54,21,2793,11297, 질병치료와백신의역사,null,2,3,3,null
54,21,2793,11189, 철학의은유들,null,1,3,3,null
54,21,2793,11189, 철학의은유들,null,2,3,3,null
54,21,2793,11045, 패러다임전환과비판이론,null,1,3,3,null
54,21,2793,11045, 패러다임전환과비판이론,null,2,3,3,null
54,21,2793,10149, 한국근현대사 ,null,1,3,3,null
54,21,2793,10149, 한국근현대사 ,null,2,3,3,null
54,21,2793,11058, 한국사의새로운이해,null,1,3,3,null
54,21,2793,11058, 한국사의새로운이해,null,2,3,3,null
54,21,2793,11366, 한국의문화유산역사여행,null,1,3,3,null
54,21,2793,11366, 한국의문화유산역사여행,null,2,3,3,null
54,21,2793,11186, Evolutionary Origin of Humans,null,1,3,3,null
54,21,2793,11186, Evolutionary Origin of Humans,null,2,3,3,null
54,21,2793,11295, 인공지능시대의과학과종교,null,1,3,3,null
54,21,2793,11295, 인공지능시대의과학과종교,null,2,3,3,null
54,21,2794,11360, ICT융복합복지와법,null,1,3,3,null
54,21,2794,11360, ICT융복합복지와법,null,2,3,3,null
54,21,2794,11259, SDGs시대글로벌보건협력:개발도상국의보건의료현황과국제사회의지원 ,null,1,3,3,null
54,21,2794,11259, SDGs시대글로벌보건협력:개발도상국의보건의료현황과국제사회의지원 ,null,2,3,3,null
54,21,2794,10011, 가족건강과간호,null,1,3,3,null
54,21,2794,10011, 가족건강과간호,null,2,3,3,null
54,21,2794,10932, 건축으로읽는사회문화사,null,1,3,3,null
54,21,2794,10932, 건축으로읽는사회문화사,null,2,3,3,null
54,21,2794,10013, 경영과사회,null,1,3,3,null
54,21,2794,10013, 경영과사회,null,2,3,3,null
54,21,2794,11210, 교육커뮤니케이션의이해와실제,null,1,3,3,null
54,21,2794,11210, 교육커뮤니케이션의이해와실제,null,2,3,3,null
54,21,2794,10949, 국제구호와개발협력,null,1,3,3,null
54,21,2794,10949, 국제구호와개발협력,null,2,3,3,null
54,21,2794,10913, 글로벌시대의다문화사회,null,1,3,3,null
54,21,2794,10913, 글로벌시대의다문화사회,null,2,3,3,null
54,21,2794,10914, 글로벌시대의아시아여성,null,1,3,3,null
54,21,2794,10914, 글로벌시대의아시아여성,null,2,3,3,null
54,21,2794,11260, 기업과정신과혁신,null,1,3,3,null
54,21,2794,11260, 기업과정신과혁신,null,2,3,3,null
54,21,2794,10091, 노동과젠더,null,1,3,3,null
54,21,2794,10091, 노동과젠더,null,2,3,3,null
54,21,2794,11332, 도시공간문화로읽는한국사,null,1,3,3,null
54,21,2794,11332, 도시공간문화로읽는한국사,null,2,3,3,null
54,21,2794,10886, 동양고전의현대적이해,null,1,3,3,null
54,21,2794,10886, 동양고전의현대적이해,null,2,3,3,null
54,21,2794,11292, 모방과인간,null,1,3,3,null
54,21,2794,11292, 모방과인간,null,2,3,3,null
54,21,2794,11193, 법과젠더,null,1,3,3,null
54,21,2794,11193, 법과젠더,null,2,3,3,null
54,21,2794,10549, 북한정치의이해,null,1,3,3,null
54,21,2794,10549, 북한정치의이해,null,2,3,3,null
54,21,2794,10548, 북한주민의문화와생활,null,1,3,3,null
54,21,2794,10548, 북한주민의문화와생활,null,2,3,3,null
54,21,2794,10929, 브레인스펙트럼,null,1,3,3,null
54,21,2794,10929, 브레인스펙트럼,null,2,3,3,null
54,21,2794,10573, 생명윤리와법,null,1,3,3,null
54,21,2794,10573, 생명윤리와법,null,2,3,3,null
54,21,2794,10074, 성문화연구,null,1,3,3,null
54,21,2794,10074, 성문화연구,null,2,3,3,null
54,21,2794,10081, 시민생활과법,null,1,3,3,null
54,21,2794,10081, 시민생활과법,null,2,3,3,null
54,21,2794,10094, 여성학,null,1,3,3,null
54,21,2794,10094, 여성학,null,2,3,3,null
54,21,2794,11089, 여행과지리:글로벌화의지역탐색,null,1,3,3,null
54,21,2794,11089, 여행과지리:글로벌화의지역탐색,null,2,3,3,null
54,21,2794,10908, 영상이미지와젠더,null,1,3,3,null
54,21,2794,10908, 영상이미지와젠더,null,2,3,3,null
54,21,2794,10904, 우리사회의문제와쟁점찾기,null,1,3,3,null
54,21,2794,10904, 우리사회의문제와쟁점찾기,null,2,3,3,null
54,21,2794,11358, 인간관계심리,null,1,3,3,null
54,21,2794,11358, 인간관계심리,null,2,3,3,null
54,21,2794,10109, 인간발달과가족,null,1,3,3,null
54,21,2794,10109, 인간발달과가족,null,2,3,3,null
54,21,2794,10903, 인간발달과문화의다양성,null,1,3,3,null
54,21,2794,10903, 인간발달과문화의다양성,null,2,3,3,null
54,21,2794,11114, 인간은왜춤을추는가,null,1,3,3,null
54,21,2794,11114, 인간은왜춤을추는가,null,2,3,3,null
54,21,2794,11103, 인터넷과법,null,1,3,3,null
54,21,2794,11103, 인터넷과법,null,2,3,3,null
54,21,2794,11359, 정신건강과행복,null,1,3,3,null
54,21,2794,11359, 정신건강과행복,null,2,3,3,null
54,21,2794,11104, 죄와벌,null,1,3,3,null
54,21,2794,11104, 죄와벌,null,2,3,3,null
54,21,2794,10905, 지구촌의사회복지,null,1,3,3,null
54,21,2794,10905, 지구촌의사회복지,null,2,3,3,null
54,21,2794,11105, 직업세계와법,null,1,3,3,null
54,21,2794,11105, 직업세계와법,null,2,3,3,null
54,21,2794,11039, 키워드로읽는중국문화,null,1,3,3,null
54,21,2794,11039, 키워드로읽는중국문화,null,2,3,3,null
54,21,2794,11215, 통합적분쟁이해와조정,null,1,3,3,null
54,21,2794,11215, 통합적분쟁이해와조정,null,2,3,3,null
54,21,2794,10887, 현대중국의이해,null,1,3,3,null
54,21,2794,10887, 현대중국의이해,null,2,3,3,null
54,21,2794,11162, Middle Eastern Political Theology: Religious Sources,null,1,3,3,null
54,21,2794,11162, Middle Eastern Political Theology: Religious Sources,null,2,3,3,null
54,21,2794,11079, 장애와사회,null,1,3,3,null
54,21,2794,11079, 장애와사회,null,2,3,3,null
54,21,2794,11296, 청춘의아픔과치유:행복인문학,null,1,3,3,null
54,21,2794,11296, 청춘의아픔과치유:행복인문학,null,2,3,3,null
54,21,2794,10181, 환경과인간,null,1,3,3,null
54,21,2794,10181, 환경과인간,null,2,3,3,null
54,21,2794,11188, Introduction to Ethnic Conflict and Management,null,1,3,3,null
54,21,2794,11188, Introduction to Ethnic Conflict and Management,null,2,3,3,null
54,21,2794,11106, 글로벌시민의이해와리더십,null,1,3,3,null
54,21,2794,11106, 글로벌시민의이해와리더십,null,2,3,3,null
54,21,2794,10933, 대학생의성건강,null,1,3,3,null
54,21,2794,10933, 대학생의성건강,null,2,3,3,null
54,21,2794,11308, 데이터로고전읽기,null,1,3,3,null
54,21,2794,11308, 데이터로고전읽기,null,2,3,3,null
54,21,2794,11351, 삶을위한멘탈코칭,null,1,3,3,null
54,21,2794,11351, 삶을위한멘탈코칭,null,1,3,3,null
54,21,2795,10556, 4차산업혁명과창의융합SW,null,1,3,3,null
54,21,2795,10556, 4차산업혁명과창의융합SW,null,2,3,3,null
54,21,2795,10930, Behavior of Animals,null,1,3,3,null
54,21,2795,10930, Behavior of Animals,null,2,3,3,null
54,21,2795,11111, SF영화로배우는철학,null,1,3,3,null
54,21,2795,11111, SF영화로배우는철학,null,2,3,3,null
54,21,2795,11155, 과학과허구,null,1,3,3,null
54,21,2795,11155, 과학과허구,null,2,3,3,null
54,21,2795,11101, 과학문화와커뮤니케이션,null,1,3,3,null
54,21,2795,11101, 과학문화와커뮤니케이션,null,2,3,3,null
54,21,2795,10776, 글로벌시민을위한과학소양,null,1,3,3,null
54,21,2795,10776, 글로벌시민을위한과학소양,null,2,3,3,null
54,21,2795,11154, 사물인터넷개론,null,1,3,3,null
54,21,2795,11154, 사물인터넷개론,null,2,3,3,null
54,21,2795,10052, 약과건강,null,1,3,3,null
54,21,2795,10052, 약과건강,null,2,3,3,null
54,21,2795,11102," 에너지의이해,이용,실천",null,1,3,3,null
54,21,2795,11102," 에너지의이해,이용,실천",null,2,3,3,null
54,21,2795,11257, 에피소드로보는과학철학,null,1,3,3,null
54,21,2795,11257, 에피소드로보는과학철학,null,2,3,3,null
54,21,2795,10910, 위험판단심리학,null,1,3,3,null
54,21,2795,10910, 위험판단심리학,null,2,3,3,null
54,21,2795,10104, 응용통계입문,null,1,3,3,null
54,21,2795,10104, 응용통계입문,null,2,3,3,null
54,21,2795,11336, 인공지능과인간,null,1,3,3,null
54,21,2795,11336, 인공지능과인간,null,2,3,3,null
54,21,2795,11261, 인공지능시대의정보산업이해,null,1,3,3,null
54,21,2795,11261, 인공지능시대의정보산업이해,null,2,3,3,null
54,21,2795,10559, 인류문명과환경과학,null,1,3,3,null
54,21,2795,10559, 인류문명과환경과학,null,2,3,3,null
54,21,2795,11156," 자연과의대화,환경생태",null,1,3,3,null
54,21,2795,11156," 자연과의대화,환경생태",null,2,3,3,null
54,21,2795,11160, 정보기술과미래사회,null,1,3,3,null
54,21,2795,11160, 정보기술과미래사회,null,2,3,3,null
54,21,2795,10123, 정보사회와인터넷윤리,null,1,3,3,null
54,21,2795,10123, 정보사회와인터넷윤리,null,2,3,3,null
54,21,2795,11096, 정보화사회와통계,null,1,3,3,null
54,21,2795,11096, 정보화사회와통계,null,2,3,3,null
54,21,2795,10135, 지구의역사,null,1,3,3,null
54,21,2795,10135, 지구의역사,null,2,3,3,null
54,21,2795,11042, 컴퓨터와마음,null,1,3,3,null
54,21,2795,11042, 컴퓨터와마음,null,2,3,3,null
54,21,2795,11152, 콘텐츠컴퓨팅,null,1,3,3,null
54,21,2795,11152, 콘텐츠컴퓨팅,null,2,3,3,null
54,21,2795,11145, 크리에이티브컴퓨팅,null,1,3,3,null
54,21,2795,11145, 크리에이티브컴퓨팅,null,2,3,3,null
54,21,2795,10164, 현대물리학과인간사고의변혁,null,1,3,3,null
54,21,2795,10164, 현대물리학과인간사고의변혁,null,2,3,3,null
54,21,2795,11157, 환경재난과국제협력,null,1,3,3,null
54,21,2795,11157, 환경재난과국제협력,null,2,3,3,null
54,21,2795,11262, 생활속의미생물,null,1,3,3,null
54,21,2795,11262, 생활속의미생물,null,2,3,3,null
54,21,2795,11264, 세계의자연유산과지오투어리즘,null,1,3,3,null
54,21,2795,11264, 세계의자연유산과지오투어리즘,null,2,3,3,null
54,21,2795,11043, 현대사회의기록과정보,null,1,3,3,null
54,21,2795,11043, 현대사회의기록과정보,null,2,3,3,null
54,21,2795,11187, 빅데이터사회와정보활용,null,1,3,3,null
54,21,2795,11187, 빅데이터사회와정보활용,null,2,3,3,null
54,21,2795,11098, 주거로보는건축문화,null,1,3,3,null
54,21,2795,11098, 주거로보는건축문화,null,2,3,3,null
54,18,2758,22233,경영통계학,1,1,3,3,null
54,18,2758,22233,경영통계학,1,2,3,3,null
54,18,2758,33861,회계정보원리,1,1,3,3,null
54,18,2758,33861,회계정보원리,1,2,3,3,null
54,18,2758,30820,경영정보시스템,2,1,3,3,null
54,18,2758,30820,경영정보시스템,2,2,3,3,null
54,18,2758,22240,마케팅관리,2,1,3,3,null
54,18,2758,22240,마케팅관리,2,2,3,3,null
54,18,2758,30936,운영관리,2,1,3,3,null
54,18,2758,30936,운영관리,2,2,3,3,null
54,18,2758,22250,재무관리,2,1,3,3,null
54,18,2758,22250,재무관리,2,2,3,3,null
54,18,2758,30818,조직행위관리,2,1,3,3,null
54,18,2758,30818,조직행위관리,2,2,3,3,null
54,18,2758,38677,경영정책,4,1,3,3,null
54,18,2758,38677,경영정책,4,2,3,3,null
54,18,2758,22234,경영학원론,1,1,3,3,null
54,18,2758,22234,경영학원론,1,2,3,3,null
54,18,2758,35356,금융의이해,1,2,3,3,null
54,18,2758,22247,원가.관리회계,2,1,3,3,null
54,18,2758,22247,원가.관리회계,2,2,3,3,null
54,18,2758,35628,중급회계1,2,1,3,3,null
54,18,2758,35628,중급회계1,2,2,3,3,null
54,18,2759,34610,경영과학,2,2,3,3,null
54,18,2759,38159,기업경제학,2,2,3,3,null
54,18,2759,36168,전자상거래학원론,2,2,3,3,null
54,18,2759,35635,중급회계2,2,2,3,3,null
54,18,2759,36179,경영과학실습,3,1,3,3,null
54,18,2759,36170,고급관리회계,3,1,3,3,null
54,18,2759,30939,국제경영학,3,1,3,3,null
54,18,2759,37306,기업과윤리,3,1,3,3,null
54,18,2759,35633,기업재무,3,1,3,3,null
54,18,2759,35362,데이터베이스와빅데이터컴퓨팅,3,1,3,3,null
54,18,2759,35359,마케팅조사,3,1,3,3,null
54,18,2759,30937,인적자원관리,3,1,3,3,null
54,18,2759,37995,혁신기업경영캡스톤디자인1,3,1,3,3,null
54,18,2759,36518,개인금융,3,2,3,3,null
54,18,2759,36175,고급재무회계,3,2,3,3,null
54,18,2759,37259,고용관계론,3,2,3,3,null
54,18,2759,37258,공급망관리,3,2,3,3,null
54,18,2759,33862,광고론,3,2,3,3,null
54,18,2759,38163,"빅데이터분석,원리와응용",3,2,3,3,null
54,18,2759,30823,세무회계,3,2,3,3,null
54,18,2759,38164,인문예술과경영창의성,3,2,3,3,null
54,18,2759,35626,재무제표분석,3,2,3,3,null
54,18,2759,34613,조직구조및개발,3,2,3,3,null
54,18,2759,30822,투자론,3,2,3,3,null
54,18,2759,35365,전략경영,4,1,3,3,null
54,18,2759,35365,전략경영,4,2,3,3,null
54,18,2759,37261,경영리더십,4,1,3,3,null
54,18,2759,36769,경영시뮬레이션,4,1,3,3,null
54,18,2759,30943,경영혁신과정보기술,4,1,3,3,null
54,18,2759,37260,고급세무회계,4,1,3,3,null
54,18,2759,37263,글로벌기업의기술혁신전략,4,1,3,3,null
54,18,2759,30824,금융회사경영,4,1,3,3,null
54,18,2759,36173,서비스마케팅,4,1,3,3,null
54,18,2759,33169,서비스운영관리,4,1,3,3,null
54,18,2759,22245,소비자행동분석,4,1,3,3,null
54,18,2759,36172,파생금융상품,4,1,3,3,null
54,18,2759,38046,핀테크,4,1,3,3,null
54,18,2759,22255,회계감사,4,1,3,3,null
54,18,2759,35632,경영의사결정론,4,2,3,3,null
54,18,2759,36178,국제마케팅,4,2,3,3,null
54,18,2759,35364,국제재무관리,4,2,3,3,null
54,18,2759,36177,리스크와보험,4,2,3,3,null
54,18,2759,30940,마케팅전략,4,2,3,3,null
54,18,2759,34616,인터넷비지니스전략,4,2,3,3,null
54,18,2759,37444,혁신기업경영캡스톤디자인2,4,2,3,3,null
54,18,2759,35589,회계이론,4,2,3,3,null
54,18,2759,36134,경제원론,1,1,3,3,null
54,18,2759,36134,경제원론,1,2,3,3,null
54,18,2759,22195,거시경제이론,2,1,3,3,null
54,18,2759,22195,거시경제이론,2,2,3,3,null
54,18,2759,22201,경제수학,2,1,3,3,null
54,18,2759,22201,경제수학,2,2,3,3,null
54,18,2759,22218,미시경제이론,2,1,3,3,null
54,18,2759,22218,미시경제이론,2,2,3,3,null
54,18,2759,36079,소비자마케팅,2,1,3,3,null
54,18,2759,34446,조직행동과리더십,2,1,3,3,null
54,18,2759,35382,패션마케팅,2,2,3,3,null
54,18,2759,35629,Advanced,3,1,3,3,null
54,18,2759,36234,스포츠경영및행정,3,2,3,3,null
54,18,2759,22126,상법,null,1,3,3,null
54,19,2772,22233,경영통계학,1,1,3,3,null
54,19,2772,22233,경영통계학,1,2,3,3,null
54,19,2772,33861,회계정보원리,1,1,3,3,null
54,19,2772,33861,회계정보원리,1,2,3,3,null
54,19,2772,30820,경영정보시스템,2,1,3,3,null
54,19,2772,30820,경영정보시스템,2,2,3,3,null
54,19,2772,22240,마케팅관리,2,1,3,3,null
54,19,2772,22240,마케팅관리,2,2,3,3,null
54,19,2772,30936,운영관리,2,1,3,3,null
54,19,2772,30936,운영관리,2,2,3,3,null
54,19,2772,22250,재무관리,2,1,3,3,null
54,19,2772,22250,재무관리,2,2,3,3,null
54,19,2772,30818,조직행위관리,2,1,3,3,null
54,19,2772,30818,조직행위관리,2,2,3,3,null
54,19,2772,38677,경영정책,4,1,3,3,null
54,19,2772,38677,경영정책,4,2,3,3,null
54,19,2772,22234,경영학원론,1,1,3,3,null
54,19,2772,22234,경영학원론,1,2,3,3,null
54,19,2772,35356,금융의이해,1,2,3,3,null
54,19,2772,22247,원가.관리회계,2,1,3,3,null
54,19,2772,22247,원가.관리회계,2,2,3,3,null
54,19,2772,35628,중급회계1,2,1,3,3,null
54,19,2772,35628,중급회계1,2,2,3,3,null
54,19,2773,34610,경영과학,2,2,3,3,null
54,19,2773,38159,기업경제학,2,2,3,3,null
54,19,2773,36168,전자상거래학원론,2,2,3,3,null
54,19,2773,35635,중급회계2,2,2,3,3,null
54,19,2773,36179,경영과학실습,3,1,3,3,null
54,19,2773,36170,고급관리회계,3,1,3,3,null
54,19,2773,30939,국제경영학,3,1,3,3,null
54,19,2773,37306,기업과윤리,3,1,3,3,null
54,19,2773,35633,기업재무,3,1,3,3,null
54,19,2773,35362,데이터베이스와빅데이터컴퓨팅,3,1,3,3,null
54,19,2773,35359,마케팅조사,3,1,3,3,null
54,19,2773,30937,인적자원관리,3,1,3,3,null
54,19,2773,37995,혁신기업경영캡스톤디자인1,3,1,3,3,null
54,19,2773,36518,개인금융,3,2,3,3,null
54,19,2773,36175,고급재무회계,3,2,3,3,null
54,19,2773,37259,고용관계론,3,2,3,3,null
54,19,2773,37258,공급망관리,3,2,3,3,null
54,19,2773,33862,광고론,3,2,3,3,null
54,19,2773,38163,"빅데이터분석,원리와응용",3,2,3,3,null
54,19,2773,30823,세무회계,3,2,3,3,null
54,19,2773,38164,인문예술과경영창의성,3,2,3,3,null
54,19,2773,35626,재무제표분석,3,2,3,3,null
54,19,2773,34613,조직구조및개발,3,2,3,3,null
54,19,2773,30822,투자론,3,2,3,3,null
54,19,2773,35365,전략경영,4,1,3,3,null
54,19,2773,35365,전략경영,4,2,3,3,null
54,19,2773,37261,경영리더십,4,1,3,3,null
54,19,2773,36769,경영시뮬레이션,4,1,3,3,null
54,19,2773,30943,경영혁신과정보기술,4,1,3,3,null
54,19,2773,37260,고급세무회계,4,1,3,3,null
54,19,2773,37263,글로벌기업의기술혁신전략,4,1,3,3,null
54,19,2773,30824,금융회사경영,4,1,3,3,null
54,19,2773,36173,서비스마케팅,4,1,3,3,null
54,19,2773,33169,서비스운영관리,4,1,3,3,null
54,19,2773,22245,소비자행동분석,4,1,3,3,null
54,19,2773,36172,파생금융상품,4,1,3,3,null
54,19,2773,38046,핀테크,4,1,3,3,null
54,19,2773,22255,회계감사,4,1,3,3,null
54,19,2773,35632,경영의사결정론,4,2,3,3,null
54,19,2773,36178,국제마케팅,4,2,3,3,null
54,19,2773,35364,국제재무관리,4,2,3,3,null
54,19,2773,36177,리스크와보험,4,2,3,3,null
54,19,2773,30940,마케팅전략,4,2,3,3,null
54,19,2773,34616,인터넷비지니스전략,4,2,3,3,null
54,19,2773,37444,혁신기업경영캡스톤디자인2,4,2,3,3,null
54,19,2773,35589,회계이론,4,2,3,3,null
54,19,2773,36134,경제원론,1,1,3,3,null
54,19,2773,36134,경제원론,1,2,3,3,null
54,19,2773,22195,거시경제이론,2,1,3,3,null
54,19,2773,22195,거시경제이론,2,2,3,3,null
54,19,2773,22201,경제수학,2,1,3,3,null
54,19,2773,22201,경제수학,2,2,3,3,null
54,19,2773,22218,미시경제이론,2,1,3,3,null
54,19,2773,22218,미시경제이론,2,2,3,3,null
54,19,2773,36079,소비자마케팅,2,1,3,3,null
54,19,2773,34446,조직행동과리더십,2,1,3,3,null
54,19,2773,35382,패션마케팅,2,2,3,3,null
54,19,2773,35629,Advanced,3,1,3,3,null
54,19,2773,36234,스포츠경영및행정,3,2,3,3,null
54,19,2773,22126,상법,null,1,3,3,null
54,20,2784,22233,경영통계학,1,1,3,3,null
54,20,2784,22233,경영통계학,1,2,3,3,null
54,20,2784,33861,회계정보원리,1,1,3,3,null
54,20,2784,33861,회계정보원리,1,2,3,3,null
54,20,2784,30820,경영정보시스템,2,1,3,3,null
54,20,2784,30820,경영정보시스템,2,2,3,3,null
54,20,2784,22240,마케팅관리,2,1,3,3,null
54,20,2784,22240,마케팅관리,2,2,3,3,null
54,20,2784,30936,운영관리,2,1,3,3,null
54,20,2784,30936,운영관리,2,2,3,3,null
54,20,2784,22250,재무관리,2,1,3,3,null
54,20,2784,22250,재무관리,2,2,3,3,null
54,20,2784,30818,조직행위관리,2,1,3,3,null
54,20,2784,30818,조직행위관리,2,2,3,3,null
54,20,2784,38677,경영정책,4,1,3,3,null
54,20,2784,38677,경영정책,4,2,3,3,null
54,20,2784,22234,경영학원론,1,1,3,3,null
54,20,2784,22234,경영학원론,1,2,3,3,null
54,20,2784,35356,금융의이해,1,2,3,3,null
54,20,2784,22247,원가.관리회계,2,1,3,3,null
54,20,2784,22247,원가.관리회계,2,2,3,3,null
54,20,2784,35628,중급회계1,2,1,3,3,null
54,20,2784,35628,중급회계1,2,2,3,3,null
54,20,2785,34610,경영과학,2,2,3,3,null
54,20,2785,38159,기업경제학,2,2,3,3,null
54,20,2785,36168,전자상거래학원론,2,2,3,3,null
54,20,2785,35635,중급회계2,2,2,3,3,null
54,20,2785,36179,경영과학실습,3,1,3,3,null
54,20,2785,36170,고급관리회계,3,1,3,3,null
54,20,2785,30939,국제경영학,3,1,3,3,null
54,20,2785,37306,기업과윤리,3,1,3,3,null
54,20,2785,35633,기업재무,3,1,3,3,null
54,20,2785,35362,데이터베이스와빅데이터컴퓨팅,3,1,3,3,null
54,20,2785,35359,마케팅조사,3,1,3,3,null
54,20,2785,30937,인적자원관리,3,1,3,3,null
54,20,2785,37995,혁신기업경영캡스톤디자인1,3,1,3,3,null
54,20,2785,36518,개인금융,3,2,3,3,null
54,20,2785,36175,고급재무회계,3,2,3,3,null
54,20,2785,37259,고용관계론,3,2,3,3,null
54,20,2785,37258,공급망관리,3,2,3,3,null
54,20,2785,33862,광고론,3,2,3,3,null
54,20,2785,38163,"빅데이터분석,원리와응용",3,2,3,3,null
54,20,2785,30823,세무회계,3,2,3,3,null
54,20,2785,38164,인문예술과경영창의성,3,2,3,3,null
54,20,2785,35626,재무제표분석,3,2,3,3,null
54,20,2785,34613,조직구조및개발,3,2,3,3,null
54,20,2785,30822,투자론,3,2,3,3,null
54,20,2785,35365,전략경영,4,1,3,3,null
54,20,2785,35365,전략경영,4,2,3,3,null
54,20,2785,37261,경영리더십,4,1,3,3,null
54,20,2785,36769,경영시뮬레이션,4,1,3,3,null
54,20,2785,30943,경영혁신과정보기술,4,1,3,3,null
54,20,2785,37260,고급세무회계,4,1,3,3,null
54,20,2785,37263,글로벌기업의기술혁신전략,4,1,3,3,null
54,20,2785,30824,금융회사경영,4,1,3,3,null
54,20,2785,36173,서비스마케팅,4,1,3,3,null
54,20,2785,33169,서비스운영관리,4,1,3,3,null
54,20,2785,22245,소비자행동분석,4,1,3,3,null
54,20,2785,36172,파생금융상품,4,1,3,3,null
54,20,2785,38046,핀테크,4,1,3,3,null
54,20,2785,22255,회계감사,4,1,3,3,null
54,20,2785,35632,경영의사결정론,4,2,3,3,null
54,20,2785,36178,국제마케팅,4,2,3,3,null
54,20,2785,35364,국제재무관리,4,2,3,3,null
54,20,2785,36177,리스크와보험,4,2,3,3,null
54,20,2785,30940,마케팅전략,4,2,3,3,null
54,20,2785,34616,인터넷비지니스전략,4,2,3,3,null
54,20,2785,37444,혁신기업경영캡스톤디자인2,4,2,3,3,null
54,20,2785,35589,회계이론,4,2,3,3,null
54,20,2785,36134,경제원론,1,1,3,3,null
54,20,2785,36134,경제원론,1,2,3,3,null
54,20,2785,22195,거시경제이론,2,1,3,3,null
54,20,2785,22195,거시경제이론,2,2,3,3,null
54,20,2785,22201,경제수학,2,1,3,3,null
54,20,2785,22201,경제수학,2,2,3,3,null
54,20,2785,22218,미시경제이론,2,1,3,3,null
54,20,2785,22218,미시경제이론,2,2,3,3,null
54,20,2785,36079,소비자마케팅,2,1,3,3,null
54,20,2785,34446,조직행동과리더십,2,1,3,3,null
54,20,2785,35382,패션마케팅,2,2,3,3,null
54,20,2785,35629,Advanced,3,1,3,3,null
54,20,2785,36234,스포츠경영및행정,3,2,3,3,null
54,20,2785,22126,상법,null,1,3,3,null
54,21,2796,22233,경영통계학,1,1,3,3,null
54,21,2796,22233,경영통계학,1,2,3,3,null
54,21,2796,33861,회계정보원리,1,1,3,3,null
54,21,2796,33861,회계정보원리,1,2,3,3,null
54,21,2796,30820,경영정보시스템,2,1,3,3,null
54,21,2796,30820,경영정보시스템,2,2,3,3,null
54,21,2796,22240,마케팅관리,2,1,3,3,null
54,21,2796,22240,마케팅관리,2,2,3,3,null
54,21,2796,30936,운영관리,2,1,3,3,null
54,21,2796,30936,운영관리,2,2,3,3,null
54,21,2796,22250,재무관리,2,1,3,3,null
54,21,2796,22250,재무관리,2,2,3,3,null
54,21,2796,30818,조직행위관리,2,1,3,3,null
54,21,2796,30818,조직행위관리,2,2,3,3,null
54,21,2796,38677,경영정책,4,1,3,3,null
54,21,2796,38677,경영정책,4,2,3,3,null
54,21,2796,22234,경영학원론,1,1,3,3,null
54,21,2796,22234,경영학원론,1,2,3,3,null
54,21,2796,35356,금융의이해,1,2,3,3,null
54,21,2796,22247,원가.관리회계,2,1,3,3,null
54,21,2796,22247,원가.관리회계,2,2,3,3,null
54,21,2796,35628,중급회계1,2,1,3,3,null
54,21,2796,35628,중급회계1,2,2,3,3,null
54,21,2797,34610,경영과학,2,2,3,3,null
54,21,2797,38159,기업경제학,2,2,3,3,null
54,21,2797,36168,전자상거래학원론,2,2,3,3,null
54,21,2797,35635,중급회계2,2,2,3,3,null
54,21,2797,36179,경영과학실습,3,1,3,3,null
54,21,2797,36170,고급관리회계,3,1,3,3,null
54,21,2797,30939,국제경영학,3,1,3,3,null
54,21,2797,37306,기업과윤리,3,1,3,3,null
54,21,2797,35633,기업재무,3,1,3,3,null
54,21,2797,35362,데이터베이스와빅데이터컴퓨팅,3,1,3,3,null
54,21,2797,35359,마케팅조사,3,1,3,3,null
54,21,2797,30937,인적자원관리,3,1,3,3,null
54,21,2797,37995,혁신기업경영캡스톤디자인1,3,1,3,3,null
54,21,2797,36518,개인금융,3,2,3,3,null
54,21,2797,36175,고급재무회계,3,2,3,3,null
54,21,2797,37259,고용관계론,3,2,3,3,null
54,21,2797,37258,공급망관리,3,2,3,3,null
54,21,2797,33862,광고론,3,2,3,3,null
54,21,2797,38163,"빅데이터분석,원리와응용",3,2,3,3,null
54,21,2797,30823,세무회계,3,2,3,3,null
54,21,2797,38164,인문예술과경영창의성,3,2,3,3,null
54,21,2797,35626,재무제표분석,3,2,3,3,null
54,21,2797,34613,조직구조및개발,3,2,3,3,null
54,21,2797,30822,투자론,3,2,3,3,null
54,21,2797,35365,전략경영,4,1,3,3,null
54,21,2797,35365,전략경영,4,2,3,3,null
54,21,2797,37261,경영리더십,4,1,3,3,null
54,21,2797,36769,경영시뮬레이션,4,1,3,3,null
54,21,2797,30943,경영혁신과정보기술,4,1,3,3,null
54,21,2797,37260,고급세무회계,4,1,3,3,null
54,21,2797,37263,글로벌기업의기술혁신전략,4,1,3,3,null
54,21,2797,30824,금융회사경영,4,1,3,3,null
54,21,2797,36173,서비스마케팅,4,1,3,3,null
54,21,2797,33169,서비스운영관리,4,1,3,3,null
54,21,2797,22245,소비자행동분석,4,1,3,3,null
54,21,2797,36172,파생금융상품,4,1,3,3,null
54,21,2797,38046,핀테크,4,1,3,3,null
54,21,2797,22255,회계감사,4,1,3,3,null
54,21,2797,35632,경영의사결정론,4,2,3,3,null
54,21,2797,36178,국제마케팅,4,2,3,3,null
54,21,2797,35364,국제재무관리,4,2,3,3,null
54,21,2797,36177,리스크와보험,4,2,3,3,null
54,21,2797,30940,마케팅전략,4,2,3,3,null
54,21,2797,34616,인터넷비지니스전략,4,2,3,3,null
54,21,2797,37444,혁신기업경영캡스톤디자인2,4,2,3,3,null
54,21,2797,35589,회계이론,4,2,3,3,null
54,21,2797,36134,경제원론,1,1,3,3,null
54,21,2797,36134,경제원론,1,2,3,3,null
54,21,2797,22195,거시경제이론,2,1,3,3,null
54,21,2797,22195,거시경제이론,2,2,3,3,null
54,21,2797,22201,경제수학,2,1,3,3,null
54,21,2797,22201,경제수학,2,2,3,3,null
54,21,2797,22218,미시경제이론,2,1,3,3,null
54,21,2797,22218,미시경제이론,2,2,3,3,null
54,21,2797,36079,소비자마케팅,2,1,3,3,null
54,21,2797,34446,조직행동과리더십,2,1,3,3,null
54,21,2797,35382,패션마케팅,2,2,3,3,null
54,21,2797,35629,Advanced,3,1,3,3,null
54,21,2797,36234,스포츠경영및행정,3,2,3,3,null
54,21,2797,22126,상법,null,1,3,3,null
