5,32,20,융복합교양(표현과예술),1,3
5,32,20,융복합교양(역사와철학),1,3
5,32,20,융복합교양(인간과사회),1,3
5,32,20,융복합교양(과학과기술),1,3
7,32,20,전공필수,3,12
8,32,20,전공선택,11,33
1,32,21,이화진선미(기세),1,3
2,32,21,통합적사고와글쓰기,1,3
9,32,21,컴퓨팅과수리적사고,1,3
3,32,21,영어,1,3
4,32,21,제2외국어,1,3
5,32,21,융복합교양(문학과언어),1,3
5,32,21,융복합교양(표현과예술),1,3
5,32,21,융복합교양(역사와철학),1,3
5,32,21,융복합교양(인간과사회),1,3
5,32,21,융복합교양(과학과기술),1,3
7,32,21,전공필수,3,12
8,32,21,전공선택,11,33
1,33,20,이화진선미(기세),1,3
2,33,20,통합적사고와글쓰기,1,3
9,33,20,컴퓨팅과수리적사고,1,3
3,33,20,영어,1,3
4,33,20,제2외국어,1,3
5,33,20,융복합교양(문학과언어),1,3
5,33,20,융복합교양(표현과예술),1,3
5,33,20,융복합교양(역사와철학),1,3
5,33,20,융복합교양(인간과사회),1,3
5,33,20,융복합교양(과학과기술),1,3
7,33,20,전공필수,3,12
8,33,20,전공선택,11,33
1,33,21,이화진선미(기세),1,3
2,33,21,통합적사고와글쓰기,1,3
9,33,21,컴퓨팅과수리적사고,1,3
3,33,21,영어,1,3
4,33,21,제2외국어,1,3
5,33,21,융복합교양(문학과언어),1,3
5,33,21,융복합교양(표현과예술),1,3
5,33,21,융복합교양(역사와철학),1,3
5,33,21,융복합교양(인간과사회),1,3
5,33,21,융복합교양(과학과기술),1,3
7,33,21,전공필수,3,12
8,33,21,전공선택,11,33
1,34,20,이화진선미(기세),1,3
2,34,20,통합적사고와글쓰기,1,3
9,34,20,컴퓨팅과수리적사고,1,3
3,34,20,영어,1,3
4,34,20,제2외국어,1,3
5,34,20,융복합교양(문학과언어),1,3
5,34,20,융복합교양(표현과예술),1,3
5,34,20,융복합교양(역사와철학),1,3
5,34,20,융복합교양(인간과사회),1,3
5,34,20,융복합교양(과학과기술),1,3
7,34,20,전공필수,3,12
8,34,20,전공선택,11,33
1,34,21,이화진선미(기세),1,3
2,34,21,통합적사고와글쓰기,1,3
9,34,21,컴퓨팅과수리적사고,1,3
3,34,21,영어,1,3
4,34,21,제2외국어,1,3
5,34,21,융복합교양(문학과언어),1,3
5,34,21,융복합교양(표현과예술),1,3
5,34,21,융복합교양(역사와철학),1,3
5,34,21,융복합교양(인간과사회),1,3
5,34,21,융복합교양(과학과기술),1,3
7,34,21,전공필수,3,12
8,34,21,전공선택,11,33
1,35,20,이화진선미(기세),1,3
2,35,20,통합적사고와글쓰기,1,3
9,35,20,컴퓨팅과수리적사고,1,3
3,35,20,영어,1,3
4,35,20,제2외국어,1,3
5,35,20,융복합교양(문학과언어),1,3
5,35,20,융복합교양(표현과예술),1,3
5,35,20,융복합교양(역사와철학),1,3
5,35,20,융복합교양(인간과사회),1,3
5,35,20,융복합교양(과학과기술),1,3
7,35,20,전공필수,3,12
8,35,20,전공선택,11,33
1,35,21,이화진선미(기세),1,3
2,35,21,통합적사고와글쓰기,1,3
9,35,21,컴퓨팅과수리적사고,1,3
3,35,21,영어,1,3
4,35,21,제2외국어,1,3
5,35,21,융복합교양(문학과언어),1,3
5,35,21,융복합교양(표현과예술),1,3
5,35,21,융복합교양(역사와철학),1,3
5,35,21,융복합교양(인간과사회),1,3
5,35,21,융복합교양(과학과기술),1,3
7,35,21,전공필수,3,12
8,35,21,전공선택,11,33
1,36,20,이화진선미(기세),1,3
2,36,20,통합적사고와글쓰기,1,3
9,36,20,컴퓨팅과수리적사고,1,3
3,36,20,영어,1,3
4,36,20,제2외국어,1,3
5,36,20,융복합교양(문학과언어),1,3
5,36,20,융복합교양(표현과예술),1,3
5,36,20,융복합교양(역사와철학),1,3
5,36,20,융복합교양(인간과사회),1,3
5,36,20,융복합교양(과학과기술),1,3
7,36,20,전공필수,3,12
8,36,20,전공선택,11,33
1,36,21,이화진선미(기세),1,3
2,36,21,통합적사고와글쓰기,1,3
9,36,21,컴퓨팅과수리적사고,1,3
3,36,21,영어,1,3
4,36,21,제2외국어,1,3
5,36,21,융복합교양(문학과언어),1,3
5,36,21,융복합교양(표현과예술),1,3
5,36,21,융복합교양(역사와철학),1,3
5,36,21,융복합교양(인간과사회),1,3
5,36,21,융복합교양(과학과기술),1,3
7,36,21,전공필수,3,12
8,36,21,전공선택,11,33
1,37,20,이화진선미(기세),1,3
2,37,20,통합적사고와글쓰기,1,3
9,37,20,컴퓨팅과수리적사고,1,3
3,37,20,영어,1,3
4,37,20,제2외국어,1,3
5,37,20,융복합교양(문학과언어),1,3
5,37,20,융복합교양(표현과예술),1,3
5,37,20,융복합교양(역사와철학),1,3
5,37,20,융복합교양(인간과사회),1,3
5,37,20,융복합교양(과학과기술),1,3
7,37,20,전공필수,3,12
8,37,20,전공선택,11,33
1,37,21,이화진선미(기세),1,3
2,37,21,통합적사고와글쓰기,1,3
9,37,21,컴퓨팅과수리적사고,1,3
3,37,21,영어,1,3
4,37,21,제2외국어,1,3
5,37,21,융복합교양(문학과언어),1,3
5,37,21,융복합교양(표현과예술),1,3
5,37,21,융복합교양(역사와철학),1,3
5,37,21,융복합교양(인간과사회),1,3
5,37,21,융복합교양(과학과기술),1,3
7,37,21,전공필수,3,12
8,37,21,전공선택,11,33
1,38,20,이화진선미(기세),1,3
2,38,20,통합적사고와글쓰기,1,3
9,38,20,컴퓨팅과수리적사고,1,3
3,38,20,영어,1,3
4,38,20,제2외국어,1,3
5,38,20,융복합교양(문학과언어),1,3
5,38,20,융복합교양(표현과예술),1,3
5,38,20,융복합교양(역사와철학),1,3
5,38,20,융복합교양(인간과사회),1,3
5,38,20,융복합교양(과학과기술),1,3
7,38,20,전공필수,3,12
8,38,20,전공선택,11,33
1,38,21,이화진선미(기세),1,3
2,38,21,통합적사고와글쓰기,1,3
9,38,21,컴퓨팅과수리적사고,1,3
3,38,21,영어,1,3
4,38,21,제2외국어,1,3
5,38,21,융복합교양(문학과언어),1,3
5,38,21,융복합교양(표현과예술),1,3
5,38,21,융복합교양(역사와철학),1,3
5,38,21,융복합교양(인간과사회),1,3
5,38,21,융복합교양(과학과기술),1,3
7,38,21,전공필수,3,12
8,38,21,전공선택,11,33
1,39,20,이화진선미(기세),1,3
2,39,20,통합적사고와글쓰기,1,3
9,39,20,컴퓨팅과수리적사고,1,3
3,39,20,영어,1,3
4,39,20,제2외국어,1,3
5,39,20,융복합교양(문학과언어),1,3
5,39,20,융복합교양(표현과예술),1,3
5,39,20,융복합교양(역사와철학),1,3
5,39,20,융복합교양(인간과사회),1,3
5,39,20,융복합교양(과학과기술),1,3
7,39,20,전공필수,3,12
8,39,20,전공선택,11,33
1,39,21,이화진선미(기세),1,3
2,39,21,통합적사고와글쓰기,1,3
9,39,21,컴퓨팅과수리적사고,1,3
3,39,21,영어,1,3
4,39,21,제2외국어,1,3
5,39,21,융복합교양(문학과언어),1,3
5,39,21,융복합교양(표현과예술),1,3
5,39,21,융복합교양(역사와철학),1,3
5,39,21,융복합교양(인간과사회),1,3
5,39,21,융복합교양(과학과기술),1,3
7,39,21,전공필수,3,12
8,39,21,전공선택,11,33
1,40,20,이화진선미(기세),1,3
2,40,20,통합적사고와글쓰기,1,3
9,40,20,컴퓨팅과수리적사고,1,3
3,40,20,영어,1,3
4,40,20,제2외국어,1,3
5,40,20,융복합교양(문학과언어),1,3
5,40,20,융복합교양(표현과예술),1,3
5,40,20,융복합교양(역사와철학),1,3
5,40,20,융복합교양(인간과사회),1,3
5,40,20,융복합교양(과학과기술),1,3
7,40,20,전공필수,3,12
8,40,20,전공선택,11,33
1,40,21,이화진선미(기세),1,3
2,40,21,통합적사고와글쓰기,1,3
9,40,21,컴퓨팅과수리적사고,1,3
3,40,21,영어,1,3
4,40,21,제2외국어,1,3
5,40,21,융복합교양(문학과언어),1,3
5,40,21,융복합교양(표현과예술),1,3
5,40,21,융복합교양(역사와철학),1,3
5,40,21,융복합교양(인간과사회),1,3
5,40,21,융복합교양(과학과기술),1,3
7,40,21,전공필수,3,12
8,40,21,전공선택,11,33
1,41,20,이화진선미(기세),1,3
2,41,20,통합적사고와글쓰기,1,3
9,41,20,컴퓨팅과수리적사고,1,3
3,41,20,영어,1,3
4,41,20,제2외국어,1,3
5,41,20,융복합교양(문학과언어),1,3
5,41,20,융복합교양(표현과예술),1,3
5,41,20,융복합교양(역사와철학),1,3
5,41,20,융복합교양(인간과사회),1,3
5,41,20,융복합교양(과학과기술),1,3
7,41,20,전공필수,3,12
8,41,20,전공선택,11,33
1,41,21,이화진선미(기세),1,3
2,41,21,통합적사고와글쓰기,1,3
9,41,21,컴퓨팅과수리적사고,1,3
3,41,21,영어,1,3
4,41,21,제2외국어,1,3
5,41,21,융복합교양(문학과언어),1,3
5,41,21,융복합교양(표현과예술),1,3
5,41,21,융복합교양(역사와철학),1,3
5,41,21,융복합교양(인간과사회),1,3
5,41,21,융복합교양(과학과기술),1,3
7,41,21,전공필수,3,12
8,41,21,전공선택,11,33
1,42,20,이화진선미(기세),1,3
2,42,20,통합적사고와글쓰기,1,3
9,42,20,컴퓨팅과수리적사고,1,3
3,42,20,영어,1,3
4,42,20,제2외국어,1,3
5,42,20,융복합교양(문학과언어),1,3
5,42,20,융복합교양(표현과예술),1,3
5,42,20,융복합교양(역사와철학),1,3
5,42,20,융복합교양(인간과사회),1,3
5,42,20,융복합교양(과학과기술),1,3
7,42,20,전공필수,3,12
8,42,20,전공선택,11,33
1,42,21,이화진선미(기세),1,3
2,42,21,통합적사고와글쓰기,1,3
9,42,21,컴퓨팅과수리적사고,1,3
3,42,21,영어,1,3
4,42,21,제2외국어,1,3
5,42,21,융복합교양(문학과언어),1,3
5,42,21,융복합교양(표현과예술),1,3
5,42,21,융복합교양(역사와철학),1,3
5,42,21,융복합교양(인간과사회),1,3
5,42,21,융복합교양(과학과기술),1,3
7,42,21,전공필수,3,12
8,42,21,전공선택,11,33
1,43,20,이화진선미(기세),1,3
2,43,20,통합적사고와글쓰기,1,3
9,43,20,컴퓨팅과수리적사고,1,3
3,43,20,영어,1,3
4,43,20,제2외국어,1,3
5,43,20,융복합교양(문학과언어),1,3
5,43,20,융복합교양(표현과예술),1,3
5,43,20,융복합교양(역사와철학),1,3
5,43,20,융복합교양(인간과사회),1,3
5,43,20,융복합교양(과학과기술),1,3
7,43,20,전공필수,3,12
8,43,20,전공선택,11,33
1,43,21,이화진선미(기세),1,3
2,43,21,통합적사고와글쓰기,1,3
9,43,21,컴퓨팅과수리적사고,1,3
3,43,21,영어,1,3
4,43,21,제2외국어,1,3
5,43,21,융복합교양(문학과언어),1,3
5,43,21,융복합교양(표현과예술),1,3
5,43,21,융복합교양(역사와철학),1,3
5,43,21,융복합교양(인간과사회),1,3
5,43,21,융복합교양(과학과기술),1,3
7,43,21,전공필수,3,12
8,43,21,전공선택,11,33
1,44,20,이화진선미(기세),1,3
2,44,20,통합적사고와글쓰기,1,3
9,44,20,컴퓨팅과수리적사고,1,3
3,44,20,영어,1,3
4,44,20,제2외국어,1,3
5,44,20,융복합교양(문학과언어),1,3
5,44,20,융복합교양(표현과예술),1,3
5,44,20,융복합교양(역사와철학),1,3
5,44,20,융복합교양(인간과사회),1,3
5,44,20,융복합교양(과학과기술),1,3
7,44,20,전공필수,3,12
8,44,20,전공선택,11,33
1,44,21,이화진선미(기세),1,3
2,44,21,통합적사고와글쓰기,1,3
9,44,21,컴퓨팅과수리적사고,1,3
3,44,21,영어,1,3
4,44,21,제2외국어,1,3
5,44,21,융복합교양(문학과언어),1,3
5,44,21,융복합교양(표현과예술),1,3
5,44,21,융복합교양(역사와철학),1,3
5,44,21,융복합교양(인간과사회),1,3
5,44,21,융복합교양(과학과기술),1,3
7,44,21,전공필수,3,12
8,44,21,전공선택,11,33
1,45,20,이화진선미(기세),1,3
2,45,20,통합적사고와글쓰기,1,3
9,45,20,컴퓨팅과수리적사고,1,3
3,45,20,영어,1,3
4,45,20,제2외국어,1,3
5,45,20,융복합교양(문학과언어),1,3
5,45,20,융복합교양(표현과예술),1,3
5,45,20,융복합교양(역사와철학),1,3
5,45,20,융복합교양(인간과사회),1,3
5,45,20,융복합교양(과학과기술),1,3
7,45,20,전공필수,3,12
8,45,20,전공선택,11,33
1,45,21,이화진선미(기세),1,3
2,45,21,통합적사고와글쓰기,1,3
9,45,21,컴퓨팅과수리적사고,1,3
3,45,21,영어,1,3
4,45,21,제2외국어,1,3
5,45,21,융복합교양(문학과언어),1,3
5,45,21,융복합교양(표현과예술),1,3
5,45,21,융복합교양(역사와철학),1,3
5,45,21,융복합교양(인간과사회),1,3
5,45,21,융복합교양(과학과기술),1,3
7,45,21,전공필수,3,12
8,45,21,전공선택,11,33
1,46,18,이화진선미(기세),1,3
1,46,18,이화진선미(나리),1,2
2,46,18,우리말과글쓰기,1,3
2,46,18,고전읽기와글쓰기,1,2
3,46,18,영어,2,6
4,46,18,제2외국어,1,4
5,46,18,융복합교양(문학과언어),1,3
5,46,18,융복합교양(표현과예술),1,3
5,46,18,융복합교양(역사와철학),1,3
5,46,18,융복합교양(인간과사회),1,3
5,46,18,융복합교양(과학과기술),1,3
6,46,18,융합기초,1,3
7,46,18,전공기초,10,30
8,46,18,전공선택,21,62
1,46,19,이화진선미(기세),1,3
1,46,19,이화진선미(나리),1,2
2,46,19,우리말과글쓰기,1,3
2,46,19,고전읽기와글쓰기,1,2
3,46,19,영어,2,6
4,46,19,제2외국어,1,4
5,46,19,융복합교양(문학과언어),1,3
5,46,19,융복합교양(표현과예술),1,3
5,46,19,융복합교양(역사와철학),1,3
5,46,19,융복합교양(인간과사회),1,3
5,46,19,융복합교양(과학과기술),1,3
6,46,19,융합기초,1,3
7,46,19,전공기초,10,30
8,46,19,전공선택,21,63
1,47,18,이화진선미(기세),1,3
1,47,18,이화진선미(나리),1,2
2,47,18,우리말과글쓰기,1,3
2,47,18,고전읽기와글쓰기,1,2
3,47,18,영어,2,6
4,47,18,제2외국어,1,4
5,47,18,융복합교양(문학과언어),1,3
5,47,18,융복합교양(표현과예술),1,3
5,47,18,융복합교양(역사와철학),1,3
5,47,18,융복합교양(인간과사회),1,3
5,47,18,융복합교양(과학과기술),1,3
6,47,18,융합기초,1,3
7,47,18,전공기초,10,30
8,47,18,전공선택,21,62
1,47,19,이화진선미(기세),1,3
1,47,19,이화진선미(나리),1,2
2,47,19,우리말과글쓰기,1,3
2,47,19,고전읽기와글쓰기,1,2
3,47,19,영어,2,6
4,47,19,제2외국어,1,4
5,47,19,융복합교양(문학과언어),1,3
5,47,19,융복합교양(표현과예술),1,3
5,47,19,융복합교양(역사와철학),1,3
5,47,19,융복합교양(인간과사회),1,3
5,47,19,융복합교양(과학과기술),1,3
6,47,19,융합기초,1,3
7,47,19,전공기초,10,30
8,47,19,전공선택,21,63
1,48,18,이화진선미(기세),1,3
1,48,18,이화진선미(나리),1,2
2,48,18,우리말과글쓰기,1,3
2,48,18,고전읽기와글쓰기,1,2
3,48,18,영어,2,6
4,48,18,제2외국어,1,4
5,48,18,융복합교양(문학과언어),1,3
5,48,18,융복합교양(표현과예술),1,3
5,48,18,융복합교양(역사와철학),1,3
5,48,18,융복합교양(인간과사회),1,3
5,48,18,융복합교양(과학과기술),1,3
6,48,18,융합기초,1,3
7,48,18,전공기초,10,30
8,48,18,전공선택,21,62
1,48,19,이화진선미(기세),1,3
1,48,19,이화진선미(나리),1,2
2,48,19,우리말과글쓰기,1,3
2,48,19,고전읽기와글쓰기,1,2
3,48,19,영어,2,6
4,48,19,제2외국어,1,4
5,48,19,융복합교양(문학과언어),1,3
5,48,19,융복합교양(표현과예술),1,3
5,48,19,융복합교양(역사와철학),1,3
5,48,19,융복합교양(인간과사회),1,3
5,48,19,융복합교양(과학과기술),1,3
6,48,19,융합기초,1,3
7,48,19,전공기초,10,30
8,48,19,전공선택,21,63
1,49,18,이화진선미(기세),1,3
1,49,18,이화진선미(나리),1,2
2,49,18,우리말과글쓰기,1,3
2,49,18,고전읽기와글쓰기,1,2
3,49,18,영어,2,6
4,49,18,제2외국어,1,4
5,49,18,융복합교양(문학과언어),1,3
5,49,18,융복합교양(표현과예술),1,3
5,49,18,융복합교양(역사와철학),1,3
5,49,18,융복합교양(인간과사회),1,3
5,49,18,융복합교양(과학과기술),1,3
6,49,18,융합기초,1,3
7,49,18,전공기초,10,30
8,49,18,전공선택,21,62
1,49,19,이화진선미(기세),1,3
1,49,19,이화진선미(나리),1,2
2,49,19,우리말과글쓰기,1,3
2,49,19,고전읽기와글쓰기,1,2
3,49,19,영어,2,6
4,49,19,제2외국어,1,4
5,49,19,융복합교양(문학과언어),1,3
5,49,19,융복합교양(표현과예술),1,3
5,49,19,융복합교양(역사와철학),1,3
5,49,19,융복합교양(인간과사회),1,3
5,49,19,융복합교양(과학과기술),1,3
6,49,19,융합기초,1,3
7,49,19,전공기초,10,30
8,49,19,전공선택,21,63
1,50,18,이화진선미(기세),1,3
1,50,18,이화진선미(나리),1,2
2,50,18,우리말과글쓰기,1,3
2,50,18,고전읽기와글쓰기,1,2
3,50,18,영어,2,6
4,50,18,제2외국어,1,4
5,50,18,융복합교양(문학과언어),1,3
5,50,18,융복합교양(표현과예술),1,3
5,50,18,융복합교양(역사와철학),1,3
5,50,18,융복합교양(인간과사회),1,3
5,50,18,융복합교양(과학과기술),1,3
6,50,18,융합기초,1,3
7,50,18,전공기초,10,30
8,50,18,전공선택,21,62
1,50,19,이화진선미(기세),1,3
1,50,19,이화진선미(나리),1,2
2,50,19,우리말과글쓰기,1,3
2,50,19,고전읽기와글쓰기,1,2
3,50,19,영어,2,6
4,50,19,제2외국어,1,4
5,50,19,융복합교양(문학과언어),1,3
5,50,19,융복합교양(표현과예술),1,3
5,50,19,융복합교양(역사와철학),1,3
5,50,19,융복합교양(인간과사회),1,3
5,50,19,융복합교양(과학과기술),1,3
6,50,19,융합기초,1,3
7,50,19,전공기초,10,30
8,50,19,전공선택,21,63
1,51,18,이화진선미(기세),1,3
1,51,18,이화진선미(나리),1,2
2,51,18,우리말과글쓰기,1,3
2,51,18,고전읽기와글쓰기,1,2
3,51,18,영어,2,6
4,51,18,제2외국어,1,4
5,51,18,융복합교양(문학과언어),1,3
5,51,18,융복합교양(표현과예술),1,3
5,51,18,융복합교양(역사와철학),1,3
5,51,18,융복합교양(인간과사회),1,3
5,51,18,융복합교양(과학과기술),1,3
6,51,18,융합기초,1,3
7,51,18,전공기초,10,30
8,51,18,전공선택,21,62
1,51,19,이화진선미(기세),1,3
1,51,19,이화진선미(나리),1,2
2,51,19,우리말과글쓰기,1,3
2,51,19,고전읽기와글쓰기,1,2
3,51,19,영어,2,6
4,51,19,제2외국어,1,4
5,51,19,융복합교양(문학과언어),1,3
5,51,19,융복합교양(표현과예술),1,3
5,51,19,융복합교양(역사와철학),1,3
5,51,19,융복합교양(인간과사회),1,3
5,51,19,융복합교양(과학과기술),1,3
6,51,19,융합기초,1,3
7,51,19,전공기초,10,30
8,51,19,전공선택,21,63
1,52,18,이화진선미(기세),1,3
1,52,18,이화진선미(나리),1,2
2,52,18,우리말과글쓰기,1,3
2,52,18,고전읽기와글쓰기,1,2
3,52,18,영어,2,6
4,52,18,제2외국어,1,4
5,52,18,융복합교양(문학과언어),1,3
5,52,18,융복합교양(표현과예술),1,3
5,52,18,융복합교양(역사와철학),1,3
5,52,18,융복합교양(인간과사회),1,3
5,52,18,융복합교양(과학과기술),1,3
6,52,18,융합기초,1,3
7,52,18,전공기초,10,30
8,52,18,전공선택,21,62
1,52,19,이화진선미(기세),1,3
1,52,19,이화진선미(나리),1,2
2,52,19,우리말과글쓰기,1,3
2,52,19,고전읽기와글쓰기,1,2
3,52,19,영어,2,6
4,52,19,제2외국어,1,4
5,52,19,융복합교양(문학과언어),1,3
5,52,19,융복합교양(표현과예술),1,3
5,52,19,융복합교양(역사와철학),1,3
5,52,19,융복합교양(인간과사회),1,3
5,52,19,융복합교양(과학과기술),1,3
6,52,19,융합기초,1,3
7,52,19,전공기초,10,30
8,52,19,전공선택,21,63
1,53,18,이화진선미(기세),1,3
1,53,18,이화진선미(나리),1,2
2,53,18,우리말과글쓰기,1,3
2,53,18,고전읽기와글쓰기,1,2
3,53,18,영어,2,6
4,53,18,제2외국어,1,4
5,53,18,융복합교양(문학과언어),1,3
5,53,18,융복합교양(표현과예술),1,3
5,53,18,융복합교양(역사와철학),1,3
5,53,18,융복합교양(인간과사회),1,3
5,53,18,융복합교양(과학과기술),1,3
6,53,18,융합기초,1,3
7,53,18,전공기초,10,30
8,53,18,전공선택,21,62
1,53,19,이화진선미(기세),1,3
1,53,19,이화진선미(나리),1,2
2,53,19,우리말과글쓰기,1,3
2,53,19,고전읽기와글쓰기,1,2
3,53,19,영어,2,6
4,53,19,제2외국어,1,4
5,53,19,융복합교양(문학과언어),1,3
5,53,19,융복합교양(표현과예술),1,3
5,53,19,융복합교양(역사와철학),1,3
5,53,19,융복합교양(인간과사회),1,3
5,53,19,융복합교양(과학과기술),1,3
6,53,19,융합기초,1,3
7,53,19,전공기초,10,30
8,53,19,전공선택,21,63
1,46,20,이화진선미(기세),1,3
2,46,20,통합적사고와글쓰기,1,3
9,46,20,컴퓨팅과수리적사고,1,3
3,46,20,영어,1,3
4,46,20,제2외국어,1,3
5,46,20,융복합교양(문학과언어),1,3
5,46,20,융복합교양(표현과예술),1,3
5,46,20,융복합교양(역사와철학),1,3
5,46,20,융복합교양(인간과사회),1,3
5,46,20,융복합교양(과학과기술),1,3
7,46,20,전공필수,3,12
8,46,20,전공선택,11,33
1,46,21,이화진선미(기세),1,3
2,46,21,통합적사고와글쓰기,1,3
9,46,21,컴퓨팅과수리적사고,1,3
3,46,21,영어,1,3
4,46,21,제2외국어,1,3
5,46,21,융복합교양(문학과언어),1,3
5,46,21,융복합교양(표현과예술),1,3
5,46,21,융복합교양(역사와철학),1,3
5,46,21,융복합교양(인간과사회),1,3
5,46,21,융복합교양(과학과기술),1,3
7,46,21,전공필수,3,12
8,46,21,전공선택,11,33
1,47,20,이화진선미(기세),1,3
2,47,20,통합적사고와글쓰기,1,3
9,47,20,컴퓨팅과수리적사고,1,3
3,47,20,영어,1,3
4,47,20,제2외국어,1,3
5,47,20,융복합교양(문학과언어),1,3
5,47,20,융복합교양(표현과예술),1,3
5,47,20,융복합교양(역사와철학),1,3
5,47,20,융복합교양(인간과사회),1,3
5,47,20,융복합교양(과학과기술),1,3
7,47,20,전공필수,3,12
8,47,20,전공선택,11,33
1,47,21,이화진선미(기세),1,3
2,47,21,통합적사고와글쓰기,1,3
9,47,21,컴퓨팅과수리적사고,1,3
3,47,21,영어,1,3
4,47,21,제2외국어,1,3
5,47,21,융복합교양(문학과언어),1,3
5,47,21,융복합교양(표현과예술),1,3
5,47,21,융복합교양(역사와철학),1,3
5,47,21,융복합교양(인간과사회),1,3
5,47,21,융복합교양(과학과기술),1,3
7,47,21,전공필수,3,12
8,47,21,전공선택,11,33
1,48,20,이화진선미(기세),1,3
2,48,20,통합적사고와글쓰기,1,3
9,48,20,컴퓨팅과수리적사고,1,3
3,48,20,영어,1,3
4,48,20,제2외국어,1,3
5,48,20,융복합교양(문학과언어),1,3
5,48,20,융복합교양(표현과예술),1,3
5,48,20,융복합교양(역사와철학),1,3
5,48,20,융복합교양(인간과사회),1,3
5,48,20,융복합교양(과학과기술),1,3
7,48,20,전공필수,3,12
8,48,20,전공선택,11,33
1,48,21,이화진선미(기세),1,3
2,48,21,통합적사고와글쓰기,1,3
9,48,21,컴퓨팅과수리적사고,1,3
3,48,21,영어,1,3
4,48,21,제2외국어,1,3
5,48,21,융복합교양(문학과언어),1,3
5,48,21,융복합교양(표현과예술),1,3
5,48,21,융복합교양(역사와철학),1,3
5,48,21,융복합교양(인간과사회),1,3
5,48,21,융복합교양(과학과기술),1,3
7,48,21,전공필수,3,12
8,48,21,전공선택,11,33
1,49,20,이화진선미(기세),1,3
2,49,20,통합적사고와글쓰기,1,3
9,49,20,컴퓨팅과수리적사고,1,3
3,49,20,영어,1,3
4,49,20,제2외국어,1,3
5,49,20,융복합교양(문학과언어),1,3
5,49,20,융복합교양(표현과예술),1,3
5,49,20,융복합교양(역사와철학),1,3
5,49,20,융복합교양(인간과사회),1,3
5,49,20,융복합교양(과학과기술),1,3
7,49,20,전공필수,3,12
8,49,20,전공선택,11,33
1,49,21,이화진선미(기세),1,3
2,49,21,통합적사고와글쓰기,1,3
9,49,21,컴퓨팅과수리적사고,1,3
3,49,21,영어,1,3
4,49,21,제2외국어,1,3
5,49,21,융복합교양(문학과언어),1,3
5,49,21,융복합교양(표현과예술),1,3
5,49,21,융복합교양(역사와철학),1,3
5,49,21,융복합교양(인간과사회),1,3
5,49,21,융복합교양(과학과기술),1,3
7,49,21,전공필수,3,12
8,49,21,전공선택,11,33
1,50,20,이화진선미(기세),1,3
2,50,20,통합적사고와글쓰기,1,3
9,50,20,컴퓨팅과수리적사고,1,3
3,50,20,영어,1,3
4,50,20,제2외국어,1,3
5,50,20,융복합교양(문학과언어),1,3
5,50,20,융복합교양(표현과예술),1,3
5,50,20,융복합교양(역사와철학),1,3
5,50,20,융복합교양(인간과사회),1,3
5,50,20,융복합교양(과학과기술),1,3
7,50,20,전공필수,3,12
8,50,20,전공선택,11,33
1,50,21,이화진선미(기세),1,3
2,50,21,통합적사고와글쓰기,1,3
9,50,21,컴퓨팅과수리적사고,1,3
3,50,21,영어,1,3
4,50,21,제2외국어,1,3
5,50,21,융복합교양(문학과언어),1,3
5,50,21,융복합교양(표현과예술),1,3
5,50,21,융복합교양(역사와철학),1,3
5,50,21,융복합교양(인간과사회),1,3
5,50,21,융복합교양(과학과기술),1,3
7,50,21,전공필수,3,12
8,50,21,전공선택,11,33
1,51,20,이화진선미(기세),1,3
2,51,20,통합적사고와글쓰기,1,3
9,51,20,컴퓨팅과수리적사고,1,3
3,51,20,영어,1,3
4,51,20,제2외국어,1,3
5,51,20,융복합교양(문학과언어),1,3
5,51,20,융복합교양(표현과예술),1,3
5,51,20,융복합교양(역사와철학),1,3
5,51,20,융복합교양(인간과사회),1,3
5,51,20,융복합교양(과학과기술),1,3
7,51,20,전공필수,3,12
8,51,20,전공선택,11,33
1,51,21,이화진선미(기세),1,3
2,51,21,통합적사고와글쓰기,1,3
9,51,21,컴퓨팅과수리적사고,1,3
3,51,21,영어,1,3
4,51,21,제2외국어,1,3
5,51,21,융복합교양(문학과언어),1,3
5,51,21,융복합교양(표현과예술),1,3
5,51,21,융복합교양(역사와철학),1,3
5,51,21,융복합교양(인간과사회),1,3
5,51,21,융복합교양(과학과기술),1,3
7,51,21,전공필수,3,12
8,51,21,전공선택,11,33
1,52,20,이화진선미(기세),1,3
2,52,20,통합적사고와글쓰기,1,3
9,52,20,컴퓨팅과수리적사고,1,3
3,52,20,영어,1,3
4,52,20,제2외국어,1,3
5,52,20,융복합교양(문학과언어),1,3
5,52,20,융복합교양(표현과예술),1,3
5,52,20,융복합교양(역사와철학),1,3
5,52,20,융복합교양(인간과사회),1,3
5,52,20,융복합교양(과학과기술),1,3
7,52,20,전공필수,3,12
8,52,20,전공선택,11,33
1,52,21,이화진선미(기세),1,3
2,52,21,통합적사고와글쓰기,1,3
9,52,21,컴퓨팅과수리적사고,1,3
3,52,21,영어,1,3
4,52,21,제2외국어,1,3
5,52,21,융복합교양(문학과언어),1,3
5,52,21,융복합교양(표현과예술),1,3
5,52,21,융복합교양(역사와철학),1,3
5,52,21,융복합교양(인간과사회),1,3
5,52,21,융복합교양(과학과기술),1,3
7,52,21,전공필수,3,12
8,52,21,전공선택,11,33
1,53,20,이화진선미(기세),1,3
2,53,20,통합적사고와글쓰기,1,3
9,53,20,컴퓨팅과수리적사고,1,3
3,53,20,영어,1,3
4,53,20,제2외국어,1,3
5,53,20,융복합교양(문학과언어),1,3
5,53,20,융복합교양(표현과예술),1,3
5,53,20,융복합교양(역사와철학),1,3
5,53,20,융복합교양(인간과사회),1,3
5,53,20,융복합교양(과학과기술),1,3
7,53,20,전공필수,3,12
8,53,20,전공선택,11,33
1,53,21,이화진선미(기세),1,3
2,53,21,통합적사고와글쓰기,1,3
9,53,21,컴퓨팅과수리적사고,1,3
3,53,21,영어,1,3
4,53,21,제2외국어,1,3
5,53,21,융복합교양(문학과언어),1,3
5,53,21,융복합교양(표현과예술),1,3
5,53,21,융복합교양(역사와철학),1,3
5,53,21,융복합교양(인간과사회),1,3
5,53,21,융복합교양(과학과기술),1,3
7,53,21,전공필수,3,12
8,53,21,전공선택,11,33
1,54,18,이화진선미(기세),1,3
1,54,18,이화진선미(나리),1,2
2,54,18,우리말과글쓰기,1,3
2,54,18,고전읽기와글쓰기,1,2
3,54,18,영어,2,6
4,54,18,제2외국어,1,4
5,54,18,융복합교양(문학과언어),1,3
5,54,18,융복합교양(표현과예술),1,3
5,54,18,융복합교양(역사와철학),1,3
5,54,18,융복합교양(인간과사회),1,3
5,54,18,융복합교양(과학과기술),1,3
6,54,18,융합기초,1,3
7,54,18,전공기초,10,30
8,54,18,전공선택,21,62
1,54,19,이화진선미(기세),1,3
1,54,19,이화진선미(나리),1,2
2,54,19,우리말과글쓰기,1,3
2,54,19,고전읽기와글쓰기,1,2
3,54,19,영어,2,6
4,54,19,제2외국어,1,4
5,54,19,융복합교양(문학과언어),1,3
5,54,19,융복합교양(표현과예술),1,3
5,54,19,융복합교양(역사와철학),1,3
5,54,19,융복합교양(인간과사회),1,3
5,54,19,융복합교양(과학과기술),1,3
6,54,19,융합기초,1,3
7,54,19,전공기초,10,30
8,54,19,전공선택,21,63
1,54,20,이화진선미(기세),1,3
2,54,20,통합적사고와글쓰기,1,3
9,54,20,컴퓨팅과수리적사고,1,3
3,54,20,영어,1,3
4,54,20,제2외국어,1,3
5,54,20,융복합교양(문학과언어),1,3
5,54,20,융복합교양(표현과예술),1,3
5,54,20,융복합교양(역사와철학),1,3
5,54,20,융복합교양(인간과사회),1,3
5,54,20,융복합교양(과학과기술),1,3
7,54,20,전공필수,3,12
8,54,20,전공선택,11,33
1,54,21,이화진선미(기세),1,3
2,54,21,통합적사고와글쓰기,1,3
9,54,21,컴퓨팅과수리적사고,1,3
3,54,21,영어,1,3
4,54,21,제2외국어,1,3
5,54,21,융복합교양(문학과언어),1,3
5,54,21,융복합교양(표현과예술),1,3
5,54,21,융복합교양(역사와철학),1,3
5,54,21,융복합교양(인간과사회),1,3
5,54,21,융복합교양(과학과기술),1,3
7,54,21,전공필수,3,12
8,54,21,전공선택,11,33
1,55,18,이화진선미(기세),1,3
1,55,18,이화진선미(나리),1,2
2,55,18,우리말과글쓰기,1,3
2,55,18,고전읽기와글쓰기,1,2
3,55,18,영어,2,6
4,55,18,제2외국어,1,4
5,55,18,융복합교양(문학과언어),1,3
5,55,18,융복합교양(표현과예술),1,3
5,55,18,융복합교양(역사와철학),1,3
5,55,18,융복합교양(인간과사회),1,3
5,55,18,융복합교양(과학과기술),1,3
6,55,18,융합기초,1,3
7,55,18,전공기초,10,30
8,55,18,전공선택,21,62
1,55,19,이화진선미(기세),1,3
1,55,19,이화진선미(나리),1,2
2,55,19,우리말과글쓰기,1,3
2,55,19,고전읽기와글쓰기,1,2
3,55,19,영어,2,6
4,55,19,제2외국어,1,4
5,55,19,융복합교양(문학과언어),1,3
5,55,19,융복합교양(표현과예술),1,3
5,55,19,융복합교양(역사와철학),1,3
5,55,19,융복합교양(인간과사회),1,3
5,55,19,융복합교양(과학과기술),1,3
6,55,19,융합기초,1,3
7,55,19,전공기초,10,30
8,55,19,전공선택,21,63
1,55,20,이화진선미(기세),1,3
2,55,20,통합적사고와글쓰기,1,3
9,55,20,컴퓨팅과수리적사고,1,3
3,55,20,영어,1,3
4,55,20,제2외국어,1,3
5,55,20,융복합교양(문학과언어),1,3
5,55,20,융복합교양(표현과예술),1,3
5,55,20,융복합교양(역사와철학),1,3
5,55,20,융복합교양(인간과사회),1,3
5,55,20,융복합교양(과학과기술),1,3
7,55,20,전공필수,3,12
8,55,20,전공선택,11,33
1,55,21,이화진선미(기세),1,3
2,55,21,통합적사고와글쓰기,1,3
9,55,21,컴퓨팅과수리적사고,1,3
3,55,21,영어,1,3
4,55,21,제2외국어,1,3
5,55,21,융복합교양(문학과언어),1,3
5,55,21,융복합교양(표현과예술),1,3
5,55,21,융복합교양(역사와철학),1,3
5,55,21,융복합교양(인간과사회),1,3
5,55,21,융복합교양(과학과기술),1,3
7,55,21,전공필수,3,12
8,55,21,전공선택,11,33
1,56,18,이화진선미(기세),1,3
1,56,18,이화진선미(나리),1,2
2,56,18,우리말과글쓰기,1,3
2,56,18,고전읽기와글쓰기,1,2
3,56,18,영어,2,6
4,56,18,제2외국어,1,4
5,56,18,융복합교양(문학과언어),1,3
5,56,18,융복합교양(표현과예술),1,3
5,56,18,융복합교양(역사와철학),1,3
5,56,18,융복합교양(인간과사회),1,3
5,56,18,융복합교양(과학과기술),1,3
6,56,18,융합기초,1,3
7,56,18,전공기초,10,30
8,56,18,전공선택,21,62
1,56,19,이화진선미(기세),1,3
1,56,19,이화진선미(나리),1,2
2,56,19,우리말과글쓰기,1,3
2,56,19,고전읽기와글쓰기,1,2
3,56,19,영어,2,6
4,56,19,제2외국어,1,4
5,56,19,융복합교양(문학과언어),1,3
5,56,19,융복합교양(표현과예술),1,3
5,56,19,융복합교양(역사와철학),1,3
5,56,19,융복합교양(인간과사회),1,3
5,56,19,융복합교양(과학과기술),1,3
6,56,19,융합기초,1,3
7,56,19,전공기초,10,30
8,56,19,전공선택,21,63
1,56,20,이화진선미(기세),1,3
2,56,20,통합적사고와글쓰기,1,3
9,56,20,컴퓨팅과수리적사고,1,3
3,56,20,영어,1,3
4,56,20,제2외국어,1,3
5,56,20,융복합교양(문학과언어),1,3
5,56,20,융복합교양(표현과예술),1,3
5,56,20,융복합교양(역사와철학),1,3
5,56,20,융복합교양(인간과사회),1,3
5,56,20,융복합교양(과학과기술),1,3
7,56,20,전공필수,3,12
8,56,20,전공선택,11,33
1,56,21,이화진선미(기세),1,3
2,56,21,통합적사고와글쓰기,1,3
9,56,21,컴퓨팅과수리적사고,1,3
3,56,21,영어,1,3
4,56,21,제2외국어,1,3
5,56,21,융복합교양(문학과언어),1,3
5,56,21,융복합교양(표현과예술),1,3
5,56,21,융복합교양(역사와철학),1,3
5,56,21,융복합교양(인간과사회),1,3
5,56,21,융복합교양(과학과기술),1,3
7,56,21,전공필수,3,12
8,56,21,전공선택,11,33
1,57,18,이화진선미(기세),1,3
1,57,18,이화진선미(나리),1,2
2,57,18,우리말과글쓰기,1,3
2,57,18,고전읽기와글쓰기,1,2
3,57,18,영어,2,6
4,57,18,제2외국어,1,4
5,57,18,융복합교양(문학과언어),1,3
5,57,18,융복합교양(표현과예술),1,3
5,57,18,융복합교양(역사와철학),1,3
5,57,18,융복합교양(인간과사회),1,3
5,57,18,융복합교양(과학과기술),1,3
6,57,18,융합기초,1,3
7,57,18,전공기초,10,30
8,57,18,전공선택,21,62
1,57,19,이화진선미(기세),1,3
1,57,19,이화진선미(나리),1,2
2,57,19,우리말과글쓰기,1,3
2,57,19,고전읽기와글쓰기,1,2
3,57,19,영어,2,6
4,57,19,제2외국어,1,4
5,57,19,융복합교양(문학과언어),1,3
5,57,19,융복합교양(표현과예술),1,3
5,57,19,융복합교양(역사와철학),1,3
5,57,19,융복합교양(인간과사회),1,3
5,57,19,융복합교양(과학과기술),1,3
6,57,19,융합기초,1,3
7,57,19,전공기초,10,30
8,57,19,전공선택,21,63
1,57,20,이화진선미(기세),1,3
2,57,20,통합적사고와글쓰기,1,3
9,57,20,컴퓨팅과수리적사고,1,3
3,57,20,영어,1,3
4,57,20,제2외국어,1,3
5,57,20,융복합교양(문학과언어),1,3
5,57,20,융복합교양(표현과예술),1,3
5,57,20,융복합교양(역사와철학),1,3
5,57,20,융복합교양(인간과사회),1,3
5,57,20,융복합교양(과학과기술),1,3
7,57,20,전공필수,3,12
8,57,20,전공선택,11,33
1,57,21,이화진선미(기세),1,3
2,57,21,통합적사고와글쓰기,1,3
9,57,21,컴퓨팅과수리적사고,1,3
3,57,21,영어,1,3
4,57,21,제2외국어,1,3
5,57,21,융복합교양(문학과언어),1,3
5,57,21,융복합교양(표현과예술),1,3
5,57,21,융복합교양(역사와철학),1,3
5,57,21,융복합교양(인간과사회),1,3
5,57,21,융복합교양(과학과기술),1,3
7,57,21,전공필수,3,12
8,57,21,전공선택,11,33
1,58,18,이화진선미(기세),1,3
1,58,18,이화진선미(나리),1,2
2,58,18,우리말과글쓰기,1,3
2,58,18,고전읽기와글쓰기,1,2
3,58,18,영어,2,6
4,58,18,제2외국어,1,4
5,58,18,융복합교양(문학과언어),1,3
5,58,18,융복합교양(표현과예술),1,3
5,58,18,융복합교양(역사와철학),1,3
5,58,18,융복합교양(인간과사회),1,3
5,58,18,융복합교양(과학과기술),1,3
6,58,18,융합기초,1,3
7,58,18,전공기초,10,30
8,58,18,전공선택,21,62
1,58,19,이화진선미(기세),1,3
1,58,19,이화진선미(나리),1,2
2,58,19,우리말과글쓰기,1,3
2,58,19,고전읽기와글쓰기,1,2
3,58,19,영어,2,6
4,58,19,제2외국어,1,4
5,58,19,융복합교양(문학과언어),1,3
5,58,19,융복합교양(표현과예술),1,3
5,58,19,융복합교양(역사와철학),1,3
5,58,19,융복합교양(인간과사회),1,3
5,58,19,융복합교양(과학과기술),1,3
6,58,19,융합기초,1,3
7,58,19,전공기초,10,30
8,58,19,전공선택,21,63
1,58,20,이화진선미(기세),1,3
2,58,20,통합적사고와글쓰기,1,3
9,58,20,컴퓨팅과수리적사고,1,3
3,58,20,영어,1,3
4,58,20,제2외국어,1,3
5,58,20,융복합교양(문학과언어),1,3
5,58,20,융복합교양(표현과예술),1,3
5,58,20,융복합교양(역사와철학),1,3
5,58,20,융복합교양(인간과사회),1,3
5,58,20,융복합교양(과학과기술),1,3
7,58,20,전공필수,3,12
8,58,20,전공선택,11,33
1,58,21,이화진선미(기세),1,3
2,58,21,통합적사고와글쓰기,1,3
9,58,21,컴퓨팅과수리적사고,1,3
3,58,21,영어,1,3
4,58,21,제2외국어,1,3
5,58,21,융복합교양(문학과언어),1,3
5,58,21,융복합교양(표현과예술),1,3
5,58,21,융복합교양(역사와철학),1,3
5,58,21,융복합교양(인간과사회),1,3
5,58,21,융복합교양(과학과기술),1,3
7,58,21,전공필수,3,12
8,58,21,전공선택,11,33
1,59,18,이화진선미(기세),1,3
1,59,18,이화진선미(나리),1,2
2,59,18,우리말과글쓰기,1,3
2,59,18,고전읽기와글쓰기,1,2
3,59,18,영어,2,6
4,59,18,제2외국어,1,4
5,59,18,융복합교양(문학과언어),1,3
5,59,18,융복합교양(표현과예술),1,3
5,59,18,융복합교양(역사와철학),1,3
5,59,18,융복합교양(인간과사회),1,3
5,59,18,융복합교양(과학과기술),1,3
6,59,18,융합기초,1,3
7,59,18,전공기초,10,30
8,59,18,전공선택,21,62
1,59,19,이화진선미(기세),1,3
1,59,19,이화진선미(나리),1,2
2,59,19,우리말과글쓰기,1,3
2,59,19,고전읽기와글쓰기,1,2
3,59,19,영어,2,6
4,59,19,제2외국어,1,4
5,59,19,융복합교양(문학과언어),1,3
5,59,19,융복합교양(표현과예술),1,3
5,59,19,융복합교양(역사와철학),1,3
5,59,19,융복합교양(인간과사회),1,3
5,59,19,융복합교양(과학과기술),1,3
6,59,19,융합기초,1,3
7,59,19,전공기초,10,30
8,59,19,전공선택,21,63
1,59,20,이화진선미(기세),1,3
2,59,20,통합적사고와글쓰기,1,3
9,59,20,컴퓨팅과수리적사고,1,3
3,59,20,영어,1,3
4,59,20,제2외국어,1,3
5,59,20,융복합교양(문학과언어),1,3
5,59,20,융복합교양(표현과예술),1,3
5,59,20,융복합교양(역사와철학),1,3
5,59,20,융복합교양(인간과사회),1,3
5,59,20,융복합교양(과학과기술),1,3
7,59,20,전공필수,3,12
8,59,20,전공선택,11,33
1,59,21,이화진선미(기세),1,3
2,59,21,통합적사고와글쓰기,1,3
9,59,21,컴퓨팅과수리적사고,1,3
3,59,21,영어,1,3
4,59,21,제2외국어,1,3
5,59,21,융복합교양(문학과언어),1,3
5,59,21,융복합교양(표현과예술),1,3
5,59,21,융복합교양(역사와철학),1,3
5,59,21,융복합교양(인간과사회),1,3
5,59,21,융복합교양(과학과기술),1,3
7,59,21,전공필수,3,12
8,59,21,전공선택,11,33
1,60,18,이화진선미(기세),1,3
1,60,18,이화진선미(나리),1,2
2,60,18,우리말과글쓰기,1,3
2,60,18,고전읽기와글쓰기,1,2
3,60,18,영어,2,6
4,60,18,제2외국어,1,4
5,60,18,융복합교양(문학과언어),1,3
5,60,18,융복합교양(표현과예술),1,3
5,60,18,융복합교양(역사와철학),1,3
5,60,18,융복합교양(인간과사회),1,3
5,60,18,융복합교양(과학과기술),1,3
6,60,18,융합기초,1,3
7,60,18,전공기초,10,30
8,60,18,전공선택,21,62
1,60,19,이화진선미(기세),1,3
1,60,19,이화진선미(나리),1,2
2,60,19,우리말과글쓰기,1,3
2,60,19,고전읽기와글쓰기,1,2
3,60,19,영어,2,6
4,60,19,제2외국어,1,4
5,60,19,융복합교양(문학과언어),1,3
5,60,19,융복합교양(표현과예술),1,3
5,60,19,융복합교양(역사와철학),1,3
5,60,19,융복합교양(인간과사회),1,3
5,60,19,융복합교양(과학과기술),1,3
6,60,19,융합기초,1,3
7,60,19,전공기초,10,30
8,60,19,전공선택,21,63
1,60,20,이화진선미(기세),1,3
2,60,20,통합적사고와글쓰기,1,3
9,60,20,컴퓨팅과수리적사고,1,3
3,60,20,영어,1,3
4,60,20,제2외국어,1,3
5,60,20,융복합교양(문학과언어),1,3
5,60,20,융복합교양(표현과예술),1,3
5,60,20,융복합교양(역사와철학),1,3
5,60,20,융복합교양(인간과사회),1,3
5,60,20,융복합교양(과학과기술),1,3
7,60,20,전공필수,3,12
8,60,20,전공선택,11,33
1,60,21,이화진선미(기세),1,3
2,60,21,통합적사고와글쓰기,1,3
9,60,21,컴퓨팅과수리적사고,1,3
3,60,21,영어,1,3
4,60,21,제2외국어,1,3
5,60,21,융복합교양(문학과언어),1,3
5,60,21,융복합교양(표현과예술),1,3
5,60,21,융복합교양(역사와철학),1,3
5,60,21,융복합교양(인간과사회),1,3
5,60,21,융복합교양(과학과기술),1,3
7,60,21,전공필수,3,12
8,60,21,전공선택,11,33
1,61,18,이화진선미(기세),1,3
1,61,18,이화진선미(나리),1,2
2,61,18,우리말과글쓰기,1,3
2,61,18,고전읽기와글쓰기,1,2
3,61,18,영어,2,6
4,61,18,제2외국어,1,4
5,61,18,융복합교양(문학과언어),1,3
5,61,18,융복합교양(표현과예술),1,3
5,61,18,융복합교양(역사와철학),1,3
5,61,18,융복합교양(인간과사회),1,3
5,61,18,융복합교양(과학과기술),1,3
6,61,18,융합기초,1,3
7,61,18,전공기초,10,30
8,61,18,전공선택,21,62
1,61,19,이화진선미(기세),1,3
1,61,19,이화진선미(나리),1,2
2,61,19,우리말과글쓰기,1,3
2,61,19,고전읽기와글쓰기,1,2
3,61,19,영어,2,6
4,61,19,제2외국어,1,4
5,61,19,융복합교양(문학과언어),1,3
5,61,19,융복합교양(표현과예술),1,3
5,61,19,융복합교양(역사와철학),1,3
5,61,19,융복합교양(인간과사회),1,3
5,61,19,융복합교양(과학과기술),1,3
6,61,19,융합기초,1,3
7,61,19,전공기초,10,30
8,61,19,전공선택,21,63
1,61,20,이화진선미(기세),1,3
2,61,20,통합적사고와글쓰기,1,3
9,61,20,컴퓨팅과수리적사고,1,3
3,61,20,영어,1,3
4,61,20,제2외국어,1,3
5,61,20,융복합교양(문학과언어),1,3
5,61,20,융복합교양(표현과예술),1,3
5,61,20,융복합교양(역사와철학),1,3
5,61,20,융복합교양(인간과사회),1,3
5,61,20,융복합교양(과학과기술),1,3
7,61,20,전공필수,3,12
8,61,20,전공선택,11,33
1,61,21,이화진선미(기세),1,3
2,61,21,통합적사고와글쓰기,1,3
9,61,21,컴퓨팅과수리적사고,1,3
3,61,21,영어,1,3
4,61,21,제2외국어,1,3
5,61,21,융복합교양(문학과언어),1,3
5,61,21,융복합교양(표현과예술),1,3
5,61,21,융복합교양(역사와철학),1,3
5,61,21,융복합교양(인간과사회),1,3
5,61,21,융복합교양(과학과기술),1,3
7,61,21,전공필수,3,12
8,61,21,전공선택,11,33
1,62,18,이화진선미(기세),1,3
1,62,18,이화진선미(나리),1,2
2,62,18,우리말과글쓰기,1,3
2,62,18,고전읽기와글쓰기,1,2
3,62,18,영어,2,6
4,62,18,제2외국어,1,4
5,62,18,융복합교양(문학과언어),1,3
5,62,18,융복합교양(표현과예술),1,3
5,62,18,융복합교양(역사와철학),1,3
5,62,18,융복합교양(인간과사회),1,3
5,62,18,융복합교양(과학과기술),1,3
6,62,18,융합기초,1,3
7,62,18,전공기초,10,30
8,62,18,전공선택,21,62
1,62,19,이화진선미(기세),1,3
1,62,19,이화진선미(나리),1,2
2,62,19,우리말과글쓰기,1,3
2,62,19,고전읽기와글쓰기,1,2
3,62,19,영어,2,6
4,62,19,제2외국어,1,4
5,62,19,융복합교양(문학과언어),1,3
5,62,19,융복합교양(표현과예술),1,3
5,62,19,융복합교양(역사와철학),1,3
5,62,19,융복합교양(인간과사회),1,3
5,62,19,융복합교양(과학과기술),1,3
6,62,19,융합기초,1,3
7,62,19,전공기초,10,30
8,62,19,전공선택,21,63
1,62,20,이화진선미(기세),1,3
2,62,20,통합적사고와글쓰기,1,3
9,62,20,컴퓨팅과수리적사고,1,3
3,62,20,영어,1,3
4,62,20,제2외국어,1,3
5,62,20,융복합교양(문학과언어),1,3
5,62,20,융복합교양(표현과예술),1,3
5,62,20,융복합교양(역사와철학),1,3
5,62,20,융복합교양(인간과사회),1,3
5,62,20,융복합교양(과학과기술),1,3
7,62,20,전공필수,3,12
8,62,20,전공선택,11,33
1,62,21,이화진선미(기세),1,3
2,62,21,통합적사고와글쓰기,1,3
9,62,21,컴퓨팅과수리적사고,1,3
3,62,21,영어,1,3
4,62,21,제2외국어,1,3
5,62,21,융복합교양(문학과언어),1,3
5,62,21,융복합교양(표현과예술),1,3
5,62,21,융복합교양(역사와철학),1,3
5,62,21,융복합교양(인간과사회),1,3
5,62,21,융복합교양(과학과기술),1,3
7,62,21,전공필수,3,12
8,62,21,전공선택,11,33
1,63,18,이화진선미(기세),1,3
1,63,18,이화진선미(나리),1,2
2,63,18,우리말과글쓰기,1,3
2,63,18,고전읽기와글쓰기,1,2
3,63,18,영어,2,6
4,63,18,제2외국어,1,4
5,63,18,융복합교양(문학과언어),1,3
5,63,18,융복합교양(표현과예술),1,3
5,63,18,융복합교양(역사와철학),1,3
5,63,18,융복합교양(인간과사회),1,3
5,63,18,융복합교양(과학과기술),1,3
6,63,18,융합기초,1,3
7,63,18,전공기초,10,30
8,63,18,전공선택,21,62
1,63,19,이화진선미(기세),1,3
1,63,19,이화진선미(나리),1,2
2,63,19,우리말과글쓰기,1,3
2,63,19,고전읽기와글쓰기,1,2
3,63,19,영어,2,6
4,63,19,제2외국어,1,4
5,63,19,융복합교양(문학과언어),1,3
5,63,19,융복합교양(표현과예술),1,3
5,63,19,융복합교양(역사와철학),1,3
5,63,19,융복합교양(인간과사회),1,3
5,63,19,융복합교양(과학과기술),1,3
6,63,19,융합기초,1,3
7,63,19,전공기초,10,30
8,63,19,전공선택,21,63
1,63,20,이화진선미(기세),1,3
2,63,20,통합적사고와글쓰기,1,3
9,63,20,컴퓨팅과수리적사고,1,3
3,63,20,영어,1,3
4,63,20,제2외국어,1,3
5,63,20,융복합교양(문학과언어),1,3
5,63,20,융복합교양(표현과예술),1,3
5,63,20,융복합교양(역사와철학),1,3
5,63,20,융복합교양(인간과사회),1,3
5,63,20,융복합교양(과학과기술),1,3
7,63,20,전공필수,3,12
8,63,20,전공선택,11,33
1,63,21,이화진선미(기세),1,3
2,63,21,통합적사고와글쓰기,1,3
9,63,21,컴퓨팅과수리적사고,1,3
3,63,21,영어,1,3
4,63,21,제2외국어,1,3
5,63,21,융복합교양(문학과언어),1,3
5,63,21,융복합교양(표현과예술),1,3
5,63,21,융복합교양(역사와철학),1,3
5,63,21,융복합교양(인간과사회),1,3
5,63,21,융복합교양(과학과기술),1,3
7,63,21,전공필수,3,12
8,63,21,전공선택,11,33
1,64,18,이화진선미(기세),1,3
1,64,18,이화진선미(나리),1,2
2,64,18,우리말과글쓰기,1,3
2,64,18,고전읽기와글쓰기,1,2
3,64,18,영어,2,6
4,64,18,제2외국어,1,4
5,64,18,융복합교양(문학과언어),1,3
5,64,18,융복합교양(표현과예술),1,3
5,64,18,융복합교양(역사와철학),1,3
5,64,18,융복합교양(인간과사회),1,3
5,64,18,융복합교양(과학과기술),1,3
6,64,18,융합기초,1,3
7,64,18,전공기초,10,30
8,64,18,전공선택,21,62
1,64,19,이화진선미(기세),1,3
1,64,19,이화진선미(나리),1,2
2,64,19,우리말과글쓰기,1,3
2,64,19,고전읽기와글쓰기,1,2
3,64,19,영어,2,6
4,64,19,제2외국어,1,4
5,64,19,융복합교양(문학과언어),1,3
5,64,19,융복합교양(표현과예술),1,3
5,64,19,융복합교양(역사와철학),1,3
5,64,19,융복합교양(인간과사회),1,3
5,64,19,융복합교양(과학과기술),1,3
6,64,19,융합기초,1,3
7,64,19,전공기초,10,30
8,64,19,전공선택,21,63
1,64,20,이화진선미(기세),1,3
2,64,20,통합적사고와글쓰기,1,3
9,64,20,컴퓨팅과수리적사고,1,3
3,64,20,영어,1,3
4,64,20,제2외국어,1,3
5,64,20,융복합교양(문학과언어),1,3
5,64,20,융복합교양(표현과예술),1,3
5,64,20,융복합교양(역사와철학),1,3
5,64,20,융복합교양(인간과사회),1,3
5,64,20,융복합교양(과학과기술),1,3
7,64,20,전공필수,3,12
8,64,20,전공선택,11,33
1,64,21,이화진선미(기세),1,3
2,64,21,통합적사고와글쓰기,1,3
9,64,21,컴퓨팅과수리적사고,1,3
3,64,21,영어,1,3
4,64,21,제2외국어,1,3
5,64,21,융복합교양(문학과언어),1,3
5,64,21,융복합교양(표현과예술),1,3
5,64,21,융복합교양(역사와철학),1,3
5,64,21,융복합교양(인간과사회),1,3
5,64,21,융복합교양(과학과기술),1,3
7,64,21,전공필수,3,12
8,64,21,전공선택,11,33
1,65,18,이화진선미(기세),1,3
1,65,18,이화진선미(나리),1,2
2,65,18,우리말과글쓰기,1,3
2,65,18,고전읽기와글쓰기,1,2
3,65,18,영어,2,6
4,65,18,제2외국어,1,4
5,65,18,융복합교양(문학과언어),1,3
5,65,18,융복합교양(표현과예술),1,3
5,65,18,융복합교양(역사와철학),1,3
5,65,18,융복합교양(인간과사회),1,3
5,65,18,융복합교양(과학과기술),1,3
6,65,18,융합기초,1,3
7,65,18,전공기초,10,30
8,65,18,전공선택,21,62
1,65,19,이화진선미(기세),1,3
1,65,19,이화진선미(나리),1,2
2,65,19,우리말과글쓰기,1,3
2,65,19,고전읽기와글쓰기,1,2
3,65,19,영어,2,6
4,65,19,제2외국어,1,4
5,65,19,융복합교양(문학과언어),1,3
5,65,19,융복합교양(표현과예술),1,3
5,65,19,융복합교양(역사와철학),1,3
5,65,19,융복합교양(인간과사회),1,3
5,65,19,융복합교양(과학과기술),1,3
6,65,19,융합기초,1,3
7,65,19,전공기초,10,30
8,65,19,전공선택,21,63
1,65,20,이화진선미(기세),1,3
2,65,20,통합적사고와글쓰기,1,3
9,65,20,컴퓨팅과수리적사고,1,3
3,65,20,영어,1,3
4,65,20,제2외국어,1,3
5,65,20,융복합교양(문학과언어),1,3
5,65,20,융복합교양(표현과예술),1,3
5,65,20,융복합교양(역사와철학),1,3
5,65,20,융복합교양(인간과사회),1,3
5,65,20,융복합교양(과학과기술),1,3
7,65,20,전공필수,3,12
8,65,20,전공선택,11,33
1,65,21,이화진선미(기세),1,3
2,65,21,통합적사고와글쓰기,1,3
9,65,21,컴퓨팅과수리적사고,1,3
3,65,21,영어,1,3
4,65,21,제2외국어,1,3
5,65,21,융복합교양(문학과언어),1,3
5,65,21,융복합교양(표현과예술),1,3
5,65,21,융복합교양(역사와철학),1,3
5,65,21,융복합교양(인간과사회),1,3
5,65,21,융복합교양(과학과기술),1,3
7,65,21,전공필수,3,12
8,65,21,전공선택,11,33
1,66,18,이화진선미(기세),1,3
1,66,18,이화진선미(나리),1,2
2,66,18,우리말과글쓰기,1,3
2,66,18,고전읽기와글쓰기,1,2
3,66,18,영어,2,6
4,66,18,제2외국어,1,4
5,66,18,융복합교양(문학과언어),1,3
5,66,18,융복합교양(표현과예술),1,3
5,66,18,융복합교양(역사와철학),1,3
5,66,18,융복합교양(인간과사회),1,3
5,66,18,융복합교양(과학과기술),1,3
6,66,18,융합기초,1,3
7,66,18,전공기초,10,30
8,66,18,전공선택,21,62
1,66,19,이화진선미(기세),1,3
1,66,19,이화진선미(나리),1,2
2,66,19,우리말과글쓰기,1,3
2,66,19,고전읽기와글쓰기,1,2
3,66,19,영어,2,6
4,66,19,제2외국어,1,4
5,66,19,융복합교양(문학과언어),1,3
5,66,19,융복합교양(표현과예술),1,3
5,66,19,융복합교양(역사와철학),1,3
5,66,19,융복합교양(인간과사회),1,3
5,66,19,융복합교양(과학과기술),1,3
6,66,19,융합기초,1,3
7,66,19,전공기초,10,30
8,66,19,전공선택,21,63
1,66,20,이화진선미(기세),1,3
2,66,20,통합적사고와글쓰기,1,3
9,66,20,컴퓨팅과수리적사고,1,3
3,66,20,영어,1,3
4,66,20,제2외국어,1,3
5,66,20,융복합교양(문학과언어),1,3
5,66,20,융복합교양(표현과예술),1,3
5,66,20,융복합교양(역사와철학),1,3
5,66,20,융복합교양(인간과사회),1,3
5,66,20,융복합교양(과학과기술),1,3
7,66,20,전공필수,3,12
8,66,20,전공선택,11,33
1,66,21,이화진선미(기세),1,3
2,66,21,통합적사고와글쓰기,1,3
9,66,21,컴퓨팅과수리적사고,1,3
3,66,21,영어,1,3
4,66,21,제2외국어,1,3
5,66,21,융복합교양(문학과언어),1,3
5,66,21,융복합교양(표현과예술),1,3
5,66,21,융복합교양(역사와철학),1,3
5,66,21,융복합교양(인간과사회),1,3
5,66,21,융복합교양(과학과기술),1,3
7,66,21,전공필수,3,12
8,66,21,전공선택,11,33
1,67,18,이화진선미(기세),1,3
1,67,18,이화진선미(나리),1,2
2,67,18,우리말과글쓰기,1,3
2,67,18,고전읽기와글쓰기,1,2
3,67,18,영어,2,6
4,67,18,제2외국어,1,4
5,67,18,융복합교양(문학과언어),1,3
5,67,18,융복합교양(표현과예술),1,3
5,67,18,융복합교양(역사와철학),1,3
5,67,18,융복합교양(인간과사회),1,3
5,67,18,융복합교양(과학과기술),1,3
6,67,18,융합기초,1,3
7,67,18,전공기초,10,30
8,67,18,전공선택,21,62
1,67,19,이화진선미(기세),1,3
1,67,19,이화진선미(나리),1,2
2,67,19,우리말과글쓰기,1,3
2,67,19,고전읽기와글쓰기,1,2
3,67,19,영어,2,6
4,67,19,제2외국어,1,4
5,67,19,융복합교양(문학과언어),1,3
5,67,19,융복합교양(표현과예술),1,3
5,67,19,융복합교양(역사와철학),1,3
5,67,19,융복합교양(인간과사회),1,3
5,67,19,융복합교양(과학과기술),1,3
6,67,19,융합기초,1,3
7,67,19,전공기초,10,30
8,67,19,전공선택,21,63
1,67,20,이화진선미(기세),1,3
2,67,20,통합적사고와글쓰기,1,3
9,67,20,컴퓨팅과수리적사고,1,3
3,67,20,영어,1,3
4,67,20,제2외국어,1,3
5,67,20,융복합교양(문학과언어),1,3
5,67,20,융복합교양(표현과예술),1,3
5,67,20,융복합교양(역사와철학),1,3
5,67,20,융복합교양(인간과사회),1,3
5,67,20,융복합교양(과학과기술),1,3
7,67,20,전공필수,3,12
8,67,20,전공선택,11,33
1,67,21,이화진선미(기세),1,3
2,67,21,통합적사고와글쓰기,1,3
9,67,21,컴퓨팅과수리적사고,1,3
3,67,21,영어,1,3
4,67,21,제2외국어,1,3
5,67,21,융복합교양(문학과언어),1,3
5,67,21,융복합교양(표현과예술),1,3
5,67,21,융복합교양(역사와철학),1,3
5,67,21,융복합교양(인간과사회),1,3
5,67,21,융복합교양(과학과기술),1,3
7,67,21,전공필수,3,12
8,67,21,전공선택,11,33
1,68,18,이화진선미(기세),1,3
1,68,18,이화진선미(나리),1,2
2,68,18,우리말과글쓰기,1,3
2,68,18,고전읽기와글쓰기,1,2
3,68,18,영어,2,6
4,68,18,제2외국어,1,4
5,68,18,융복합교양(문학과언어),1,3
5,68,18,융복합교양(표현과예술),1,3
5,68,18,융복합교양(역사와철학),1,3
5,68,18,융복합교양(인간과사회),1,3
5,68,18,융복합교양(과학과기술),1,3
6,68,18,융합기초,1,3
7,68,18,전공기초,10,30
8,68,18,전공선택,21,62
1,68,19,이화진선미(기세),1,3
1,68,19,이화진선미(나리),1,2
2,68,19,우리말과글쓰기,1,3
2,68,19,고전읽기와글쓰기,1,2
3,68,19,영어,2,6
4,68,19,제2외국어,1,4
5,68,19,융복합교양(문학과언어),1,3
5,68,19,융복합교양(표현과예술),1,3
5,68,19,융복합교양(역사와철학),1,3
5,68,19,융복합교양(인간과사회),1,3
5,68,19,융복합교양(과학과기술),1,3
6,68,19,융합기초,1,3
7,68,19,전공기초,10,30
8,68,19,전공선택,21,63
1,68,20,이화진선미(기세),1,3
2,68,20,통합적사고와글쓰기,1,3
9,68,20,컴퓨팅과수리적사고,1,3
3,68,20,영어,1,3
4,68,20,제2외국어,1,3
5,68,20,융복합교양(문학과언어),1,3
5,68,20,융복합교양(표현과예술),1,3
5,68,20,융복합교양(역사와철학),1,3
5,68,20,융복합교양(인간과사회),1,3
5,68,20,융복합교양(과학과기술),1,3
7,68,20,전공필수,3,12
8,68,20,전공선택,11,33
1,68,21,이화진선미(기세),1,3
2,68,21,통합적사고와글쓰기,1,3
9,68,21,컴퓨팅과수리적사고,1,3
3,68,21,영어,1,3
4,68,21,제2외국어,1,3
5,68,21,융복합교양(문학과언어),1,3
5,68,21,융복합교양(표현과예술),1,3
5,68,21,융복합교양(역사와철학),1,3
5,68,21,융복합교양(인간과사회),1,3
5,68,21,융복합교양(과학과기술),1,3
7,68,21,전공필수,3,12
8,68,21,전공선택,11,33
1,69,18,이화진선미(기세),1,3
1,69,18,이화진선미(나리),1,2
2,69,18,우리말과글쓰기,1,3
2,69,18,고전읽기와글쓰기,1,2
3,69,18,영어,2,6
4,69,18,제2외국어,1,4
5,69,18,융복합교양(문학과언어),1,3
5,69,18,융복합교양(표현과예술),1,3
5,69,18,융복합교양(역사와철학),1,3
5,69,18,융복합교양(인간과사회),1,3
5,69,18,융복합교양(과학과기술),1,3
6,69,18,융합기초,1,3
7,69,18,전공기초,10,30
8,69,18,전공선택,21,62
1,69,19,이화진선미(기세),1,3
1,69,19,이화진선미(나리),1,2
2,69,19,우리말과글쓰기,1,3
2,69,19,고전읽기와글쓰기,1,2
3,69,19,영어,2,6
4,69,19,제2외국어,1,4
5,69,19,융복합교양(문학과언어),1,3
5,69,19,융복합교양(표현과예술),1,3
5,69,19,융복합교양(역사와철학),1,3
5,69,19,융복합교양(인간과사회),1,3
5,69,19,융복합교양(과학과기술),1,3
6,69,19,융합기초,1,3
7,69,19,전공기초,10,30
8,69,19,전공선택,21,63
1,69,20,이화진선미(기세),1,3
2,69,20,통합적사고와글쓰기,1,3
9,69,20,컴퓨팅과수리적사고,1,3
3,69,20,영어,1,3
4,69,20,제2외국어,1,3
5,69,20,융복합교양(문학과언어),1,3
5,69,20,융복합교양(표현과예술),1,3
5,69,20,융복합교양(역사와철학),1,3
5,69,20,융복합교양(인간과사회),1,3
5,69,20,융복합교양(과학과기술),1,3
7,69,20,전공필수,3,12
8,69,20,전공선택,11,33
1,69,21,이화진선미(기세),1,3
2,69,21,통합적사고와글쓰기,1,3
9,69,21,컴퓨팅과수리적사고,1,3
3,69,21,영어,1,3
4,69,21,제2외국어,1,3
5,69,21,융복합교양(문학과언어),1,3
5,69,21,융복합교양(표현과예술),1,3
5,69,21,융복합교양(역사와철학),1,3
5,69,21,융복합교양(인간과사회),1,3
5,69,21,융복합교양(과학과기술),1,3
7,69,21,전공필수,3,12
8,69,21,전공선택,11,33
1,70,18,이화진선미(기세),1,3
1,70,18,이화진선미(나리),1,2
2,70,18,우리말과글쓰기,1,3
2,70,18,고전읽기와글쓰기,1,2
3,70,18,영어,2,6
4,70,18,제2외국어,1,4
5,70,18,융복합교양(문학과언어),1,3
5,70,18,융복합교양(표현과예술),1,3
5,70,18,융복합교양(역사와철학),1,3
5,70,18,융복합교양(인간과사회),1,3
5,70,18,융복합교양(과학과기술),1,3
6,70,18,융합기초,1,3
7,70,18,전공기초,10,30
8,70,18,전공선택,21,62
1,70,19,이화진선미(기세),1,3
1,70,19,이화진선미(나리),1,2
2,70,19,우리말과글쓰기,1,3
2,70,19,고전읽기와글쓰기,1,2
3,70,19,영어,2,6
4,70,19,제2외국어,1,4
5,70,19,융복합교양(문학과언어),1,3
5,70,19,융복합교양(표현과예술),1,3
5,70,19,융복합교양(역사와철학),1,3
5,70,19,융복합교양(인간과사회),1,3
5,70,19,융복합교양(과학과기술),1,3
6,70,19,융합기초,1,3
7,70,19,전공기초,10,30
8,70,19,전공선택,21,63
1,70,20,이화진선미(기세),1,3
2,70,20,통합적사고와글쓰기,1,3
9,70,20,컴퓨팅과수리적사고,1,3
3,70,20,영어,1,3
4,70,20,제2외국어,1,3
5,70,20,융복합교양(문학과언어),1,3
5,70,20,융복합교양(표현과예술),1,3
5,70,20,융복합교양(역사와철학),1,3
5,70,20,융복합교양(인간과사회),1,3
5,70,20,융복합교양(과학과기술),1,3
7,70,20,전공필수,3,12
8,70,20,전공선택,11,33
1,70,21,이화진선미(기세),1,3
2,70,21,통합적사고와글쓰기,1,3
9,70,21,컴퓨팅과수리적사고,1,3
3,70,21,영어,1,3
4,70,21,제2외국어,1,3
5,70,21,융복합교양(문학과언어),1,3
5,70,21,융복합교양(표현과예술),1,3
5,70,21,융복합교양(역사와철학),1,3
5,70,21,융복합교양(인간과사회),1,3
5,70,21,융복합교양(과학과기술),1,3
7,70,21,전공필수,3,12
8,70,21,전공선택,11,33
