1,23,18,이화진선미(기세),1,3,,
1,23,18,이화진선미(나리),1,2,,
2,23,18,사고와표현,2,5,,
3,23,18,글로벌의사소통(대영),1,3,,
4,23,18,글로벌의사소통(제외국어),2,4,,
3,23,18,글로벌의사소통(고영),1,3,,
5,23,18,융복합(문학과언어),1,3,,
5,23,18,융복합(표현과예술),1,3,,
5,23,18,융복합(역사와철학),1,3,,
5,23,18,융복합(인간과사회),1,3,,
5,23,18,융복합(과학과기술),1,3,,
6,23,18,융합기초,1,3,,
7,23,18,전공기초(필수),7,13,,
7,23,18,전공기초(과학),1,3,,
7,23,18,전공기초(물리),1,3,,
7,23,18,전공기초(C),1,3,,
7,23,18,전공기초(미적),1,3,,
7,23,18,전공기초(선택)#글엔기,1,1,,
7,23,18,전공기초(수학),2,6,,
8,23,18,전공(필수),6,18,,
8,23,18,전공(선택),15,45,,
1,23,19,이화진선미(기세),1,3,,
1,23,19,이화진선미(나리),1,2,,
2,23,19,사고와표현,2,5,,
3,23,19,글로벌의사소통(대영),1,3,,
4,23,19,글로벌의사소통(제외국어),2,4,,
3,23,19,글로벌의사소통(고영),1,3,,
5,23,19,융복합(문학과언어),1,3,,
5,23,19,융복합(표현과예술),1,3,,
5,23,19,융복합(역사와철학),1,3,,
5,23,19,융복합(인간과사회),1,3,,
5,23,19,융복합(과학과기술),1,3,,
6,23,19,융합기초,1,3,,
7,23,19,전공기초(필수),7,13,,
7,23,19,전공기초(과학),1,3,,
7,23,19,전공기초(물리),1,3,,
7,23,19,전공기초(C),1,3,,
7,23,19,전공기초(미적),1,3,,
7,23,19,전공기초(선택),1,1,,
7,23,19,전공기초(수학),2,6,,
8,23,19,전공(필수),6,18,,
8,23,19,전공(선택),15,45,,
1,23,20,이화진선미(기세),1,3,,
2,23,20,사고와표현,1,3,,
3,23,20,글로벌의사소통,2,6,,
5,23,20,융복합(문학과언어),1,3,,
5,23,20,융복합(예술과표현),1,3,,
5,23,20,융복합(역사와철학),1,3,,
5,23,20,융복합(인간과사회),1,3,,
5,23,20,융복합(과학과기술),1,3,,
9,23,20,컴퓨팅과수리적사고,1,3,,
7,23,20,전공기초(필수),5,11,,
7,23,20,전공기초(과학),1,3,,
7,23,20,전공기초(물리),1,3,,
7,23,20,전공기초(C),1,3,,
7,23,20,전공기초(미적),1,3,,
7,23,20,전공기초(선택),1,3,,
7,23,20,전공기초(수학),2,6,,
8,23,20,전공(필수),6,18,,
8,23,20,전공(선택),15,45,,
1,23,21,이화진선미(기세),1,3,,
2,23,21,사고와표현,1,3,,
3,23,21,글로벌의사소통,2,6,,
5,23,21,융복합(문학과언어),1,3,,
5,23,21,융복합(예술과표현),1,3,,
5,23,21,융복합(역사와철학),1,3,,
5,23,21,융복합(인간과사회),1,3,,
5,23,21,융복합(과학과기술),1,3,,
9,23,21,컴퓨팅과수리적사고,1,3,,
7,23,21,전공기초(필수),5,11,,
7,23,21,전공기초(과학),1,3,,
7,23,21,전공기초(물리),1,3,,
7,23,21,전공기초(C),1,3,,
7,23,21,전공기초(미적),1,3,,
7,23,21,전공기초(선택),1,3,,
7,23,21,전공기초(수학),2,6,,
8,23,21,전공(필수),6,18,,
8,23,21,전공(선택),15,45,,
1,1,18,이화진선미(기세),1,3,,
1,1,18,이화진선미(나리),1,2,,
2,1,18,우리말과글쓰기,1,3,,
2,1,18,고전읽기와글쓰기,1,2,,
3,1,18,영어,2,6,,
4,1,18,제2외국어,1,4,,
5,1,18,융복합교양(문학과언어),1,3,,
5,1,18,융복합교양(표현과예술),1,3,,
5,1,18,융복합교양(역사와철학),1,3,,
5,1,18,융복합교양(인간과사회),1,3,,
5,1,18,융복합교양(과학과기술),1,3,,
6,1,18,융합기초,1,3,,
8,1,18,전공선택,21,63,,
1,1,19,이화진선미(기세),1,3,,
1,1,19,이화진선미(나리),1,2,,
2,1,19,우리말과글쓰기,1,3,,
2,1,19,고전읽기와글쓰기,1,2,,
3,1,19,영어,2,6,,
4,1,19,제2외국어,1,4,,
5,1,19,융복합교양(문학과언어),1,3,,
5,1,19,융복합교양(표현과예술),1,3,,
5,1,19,융복합교양(역사와철학),1,3,,
5,1,19,융복합교양(인간과사회),1,3,,
5,1,19,융복합교양(과학과기술),1,3,,
6,1,19,융합기초,1,3,,
8,1,19,전공선택,21,63,,
1,1,20,이화진선미(기세),1,3,,
2,1,20,통합적사고와글쓰기,1,3,,
9,1,20,컴퓨팅과수리적사고,1,3,,
3,1,20,영어,1,3,,
4,1,20,제2외국어,1,3,,
5,1,20,융복합교양(문학과언어),1,3,,
5,1,20,융복합교양(표현과예술),1,3,,
5,1,20,융복합교양(역사와철학),1,3,,
5,1,20,융복합교양(인간과사회),1,3,,
5,1,20,융복합교양(과학과기술),1,3,,
8,1,20,전공선택,21,63,,
1,1,21,이화진선미(기세),1,3,,
2,1,21,통합적사고와글쓰기,1,3,,
9,1,21,컴퓨팅과수리적사고,1,3,,
3,1,21,영어,1,3,,
4,1,21,제2외국어,1,3,,
5,1,21,융복합교양(문학과언어),1,3,,
5,1,21,융복합교양(표현과예술),1,3,,
5,1,21,융복합교양(역사와철학),1,3,,
5,1,21,융복합교양(인간과사회),1,3,,
5,1,21,융복합교양(과학과기술),1,3,,
8,1,21,전공선택,21,63,,
1,2,18,이화진선미(기세),1,3,,
1,2,18,이화진선미(나리),1,2,,
2,2,18,우리말과글쓰기,1,3,,
2,2,18,고전읽기와글쓰기,1,2,,
3,2,18,영어,2,6,,
4,2,18,제2외국어,1,4,,
5,2,18,융복합교양(문학과언어),1,3,,
5,2,18,융복합교양(표현과예술),1,3,,
5,2,18,융복합교양(역사와철학),1,3,,
5,2,18,융복합교양(인간과사회),1,3,,
5,2,18,융복합교양(과학과기술),1,3,,
6,2,18,융합기초,1,3,,
8,2,18,전공선택,21,63,,
1,2,19,이화진선미(기세),1,3,,
1,2,19,이화진선미(나리),1,2,,
2,2,19,우리말과글쓰기,1,3,,
2,2,19,고전읽기와글쓰기,1,2,,
3,2,19,영어,2,6,,
4,2,19,제2외국어,1,4,,
5,2,19,융복합교양(문학과언어),1,3,,
5,2,19,융복합교양(표현과예술),1,3,,
5,2,19,융복합교양(역사와철학),1,3,,
5,2,19,융복합교양(인간과사회),1,3,,
5,2,19,융복합교양(과학과기술),1,3,,
6,2,19,융합기초,1,3,,
8,2,19,전공선택,21,63,,
1,4,18,이화진선미(기세),1,3,,
1,4,18,이화진선미(나리),1,2,,
2,4,18,우리말과글쓰기,1,3,,
2,4,18,고전읽기와글쓰기,1,2,,
3,4,18,영어,2,6,,
4,4,18,제2외국어,1,4,,
5,4,18,융복합교양(문학과언어),1,3,,
5,4,18,융복합교양(표현과예술),1,3,,
5,4,18,융복합교양(역사와철학),1,3,,
5,4,18,융복합교양(인간과사회),1,3,,
5,4,18,융복합교양(과학과기술),1,3,,
6,4,18,융합기초,1,3,,
8,4,18,전공선택,21,63,,
1,4,19,이화진선미(기세),1,3,,
1,4,19,이화진선미(나리),1,2,,
2,4,19,우리말과글쓰기,1,3,,
2,4,19,고전읽기와글쓰기,1,2,,
3,4,19,영어,2,6,,
4,4,19,제2외국어,1,4,,
5,4,19,융복합교양(문학과언어),1,3,,
5,4,19,융복합교양(표현과예술),1,3,,
5,4,19,융복합교양(역사와철학),1,3,,
5,4,19,융복합교양(인간과사회),1,3,,
5,4,19,융복합교양(과학과기술),1,3,,
6,4,19,융합기초,1,3,,
8,4,19,전공선택,21,63,,
1,5,18,이화진선미(기세),1,3,,
1,5,18,이화진선미(나리),1,2,,
2,5,18,우리말과글쓰기,1,3,,
2,5,18,고전읽기와글쓰기,1,2,,
3,5,18,영어,2,6,,
4,5,18,제2외국어,1,4,,
5,5,18,융복합교양(문학과언어),1,3,,
5,5,18,융복합교양(표현과예술),1,3,,
5,5,18,융복합교양(역사와철학),1,3,,
5,5,18,융복합교양(인간과사회),1,3,,
5,5,18,융복합교양(과학과기술),1,3,,
6,5,18,융합기초,1,3,,
8,5,18,전공선택,21,63,,
1,5,19,이화진선미(기세),1,3,,
1,5,19,이화진선미(나리),1,2,,
2,5,19,우리말과글쓰기,1,3,,
2,5,19,고전읽기와글쓰기,1,2,,
3,5,19,영어,2,6,,
4,5,19,제2외국어,1,4,,
5,5,19,융복합교양(문학과언어),1,3,,
5,5,19,융복합교양(표현과예술),1,3,,
5,5,19,융복합교양(역사와철학),1,3,,
5,5,19,융복합교양(인간과사회),1,3,,
5,5,19,융복합교양(과학과기술),1,3,,
6,5,19,융합기초,1,3,,
8,5,19,전공선택,21,63,,
1,6,18,이화진선미(기세),1,3,,
1,6,18,이화진선미(나리),1,2,,
2,6,18,우리말과글쓰기,1,3,,
2,6,18,고전읽기와글쓰기,1,2,,
3,6,18,영어,2,6,,
4,6,18,제2외국어,1,4,,
5,6,18,융복합교양(문학과언어),1,3,,
5,6,18,융복합교양(표현과예술),1,3,,
5,6,18,융복합교양(역사와철학),1,3,,
5,6,18,융복합교양(인간과사회),1,3,,
5,6,18,융복합교양(과학과기술),1,3,,
6,6,18,융합기초,1,3,,
8,6,18,전공선택,21,63,,
1,6,19,이화진선미(기세),1,3,,
1,6,19,이화진선미(나리),1,2,,
2,6,19,우리말과글쓰기,1,3,,
2,6,19,고전읽기와글쓰기,1,2,,
3,6,19,영어,2,6,,
4,6,19,제2외국어,1,4,,
5,6,19,융복합교양(문학과언어),1,3,,
5,6,19,융복합교양(표현과예술),1,3,,
5,6,19,융복합교양(역사와철학),1,3,,
5,6,19,융복합교양(인간과사회),1,3,,
5,6,19,융복합교양(과학과기술),1,3,,
6,6,19,융합기초,1,3,,
8,6,19,전공선택,21,63,,
1,7,18,이화진선미(기세),1,3,,
1,7,18,이화진선미(나리),1,2,,
2,7,18,우리말과글쓰기,1,3,,
2,7,18,고전읽기와글쓰기,1,2,,
3,7,18,영어,2,6,,
4,7,18,제2외국어,1,4,,
5,7,18,융복합교양(문학과언어),1,3,,
5,7,18,융복합교양(표현과예술),1,3,,
5,7,18,융복합교양(역사와철학),1,3,,
5,7,18,융복합교양(인간과사회),1,3,,
5,7,18,융복합교양(과학과기술),1,3,,
6,7,18,융합기초,1,3,,
8,7,18,전공선택,21,63,,
1,7,19,이화진선미(기세),1,3,,
1,7,19,이화진선미(나리),1,2,,
2,7,19,우리말과글쓰기,1,3,,
2,7,19,고전읽기와글쓰기,1,2,,
3,7,19,영어,2,6,,
4,7,19,제2외국어,1,4,,
5,7,19,융복합교양(문학과언어),1,3,,
5,7,19,융복합교양(표현과예술),1,3,,
5,7,19,융복합교양(역사와철학),1,3,,
5,7,19,융복합교양(인간과사회),1,3,,
5,7,19,융복합교양(과학과기술),1,3,,
6,7,19,융합기초,1,3,,
8,7,19,전공선택,21,63,,
1,8,18,이화진선미(기세),1,3,,
1,8,18,이화진선미(나리),1,2,,
2,8,18,우리말과글쓰기,1,3,,
2,8,18,고전읽기와글쓰기,1,2,,
3,8,18,영어,2,6,,
4,8,18,제2외국어,1,4,,
5,8,18,융복합교양(문학과언어),1,3,,
5,8,18,융복합교양(표현과예술),1,3,,
5,8,18,융복합교양(역사와철학),1,3,,
5,8,18,융복합교양(인간과사회),1,3,,
5,8,18,융복합교양(과학과기술),1,3,,
6,8,18,융합기초,1,3,,
8,8,18,전공선택,21,63,,
1,8,19,이화진선미(기세),1,3,,
1,8,19,이화진선미(나리),1,2,,
2,8,19,우리말과글쓰기,1,3,,
2,8,19,고전읽기와글쓰기,1,2,,
3,8,19,영어,2,6,,
4,8,19,제2외국어,1,4,,
5,8,19,융복합교양(문학과언어),1,3,,
5,8,19,융복합교양(표현과예술),1,3,,
5,8,19,융복합교양(역사와철학),1,3,,
5,8,19,융복합교양(인간과사회),1,3,,
5,8,19,융복합교양(과학과기술),1,3,,
6,8,19,융합기초,1,3,,
8,8,19,전공선택,21,63,,
1,3,18,이화진선미(기세),1,3,,
1,3,18,이화진선미(나리),1,2,,
2,3,18,우리말과글쓰기,1,3,,
2,3,18,고전읽기와글쓰기,1,2,,
3,3,18,영어,2,6,,
4,3,18,제2외국어,1,4,,
5,3,18,융복합교양(문학과언어),1,3,,
5,3,18,융복합교양(표현과예술),1,3,,
5,3,18,융복합교양(역사와철학),1,3,,
5,3,18,융복합교양(인간과사회),1,3,,
5,3,18,융복합교양(과학과기술),1,3,,
6,3,18,융합기초,1,3,,
8,3,18,전공선택,21,63,,
1,3,19,이화진선미(기세),1,3,,
1,3,19,이화진선미(나리),1,2,,
2,3,19,우리말과글쓰기,1,3,,
2,3,19,고전읽기와글쓰기,1,2,,
3,3,19,영어,2,6,,
4,3,19,제2외국어,1,4,,
5,3,19,융복합교양(문학과언어),1,3,,
5,3,19,융복합교양(표현과예술),1,3,,
5,3,19,융복합교양(역사와철학),1,3,,
5,3,19,융복합교양(인간과사회),1,3,,
5,3,19,융복합교양(과학과기술),1,3,,
6,3,19,융합기초,1,3,,
8,3,19,전공선택,21,63,,
1,2,19,이화진선미(기세),1,3,,
1,2,19,이화진선미(나리),1,2,,
2,2,19,우리말과글쓰기,1,3,,
2,2,19,고전읽기와글쓰기,1,2,,
3,2,19,영어,2,6,,
4,2,19,제2외국어,1,4,,
5,2,19,융복합교양(문학과언어),1,3,,
5,2,19,융복합교양(표현과예술),1,3,,
5,2,19,융복합교양(역사와철학),1,3,,
5,2,19,융복합교양(인간과사회),1,3,,
5,2,19,융복합교양(과학과기술),1,3,,
6,2,19,융합기초,1,3,,
8,2,19,전공선택,21,63,,
1,2,20,이화진선미(기세),1,3,,
2,2,20,통합적사고와글쓰기,1,3,,
9,2,20,컴퓨팅과수리적사고,1,3,,
3,2,20,영어,1,3,,
4,2,20,제2외국어,1,3,,
5,2,20,융복합교양(문학과언어),1,3,,
5,2,20,융복합교양(표현과예술),1,3,,
5,2,20,융복합교양(역사와철학),1,3,,
5,2,20,융복합교양(인간과사회),1,3,,
5,2,20,융복합교양(과학과기술),1,3,,
8,2,20,전공선택,21,63,,
1,2,21,이화진선미(기세),1,3,,
2,2,21,통합적사고와글쓰기,1,3,,
9,2,21,컴퓨팅과수리적사고,1,3,,
3,2,21,영어,1,3,,
4,2,21,제2외국어,1,3,,
5,2,21,융복합교양(문학과언어),1,3,,
5,2,21,융복합교양(표현과예술),1,3,,
5,2,21,융복합교양(역사와철학),1,3,,
5,2,21,융복합교양(인간과사회),1,3,,
5,2,21,융복합교양(과학과기술),1,3,,
8,2,21,전공선택,21,63,,
1,3,20,이화진선미(기세),1,3,,
2,3,20,통합적사고와글쓰기,1,3,,
9,3,20,컴퓨팅과수리적사고,1,3,,
3,3,20,영어,1,3,,
4,3,20,제2외국어,1,3,,
5,3,20,융복합교양(문학과언어),1,3,,
5,3,20,융복합교양(표현과예술),1,3,,
5,3,20,융복합교양(역사와철학),1,3,,
5,3,20,융복합교양(인간과사회),1,3,,
5,3,20,융복합교양(과학과기술),1,3,,
8,3,20,전공선택,21,63,,
1,3,21,이화진선미(기세),1,3,,
2,3,21,통합적사고와글쓰기,1,3,,
9,3,21,컴퓨팅과수리적사고,1,3,,
3,3,21,영어,1,3,,
4,3,21,제2외국어,1,3,,
5,3,21,융복합교양(문학과언어),1,3,,
5,3,21,융복합교양(표현과예술),1,3,,
5,3,21,융복합교양(역사와철학),1,3,,
5,3,21,융복합교양(인간과사회),1,3,,
5,3,21,융복합교양(과학과기술),1,3,,
8,3,21,전공선택,21,63,,
1,4,20,이화진선미(기세),1,3,,
2,4,20,통합적사고와글쓰기,1,3,,
9,4,20,컴퓨팅과수리적사고,1,3,,
3,4,20,영어,1,3,,
4,4,20,제2외국어,1,3,,
5,4,20,융복합교양(문학과언어),1,3,,
5,4,20,융복합교양(표현과예술),1,3,,
5,4,20,융복합교양(역사와철학),1,3,,
5,4,20,융복합교양(인간과사회),1,3,,
5,4,20,융복합교양(과학과기술),1,3,,
8,4,20,전공선택,21,63,,
1,4,21,이화진선미(기세),1,3,,
2,4,21,통합적사고와글쓰기,1,3,,
9,4,21,컴퓨팅과수리적사고,1,3,,
3,4,21,영어,1,3,,
4,4,21,제2외국어,1,3,,
5,4,21,융복합교양(문학과언어),1,3,,
5,4,21,융복합교양(표현과예술),1,3,,
5,4,21,융복합교양(역사와철학),1,3,,
5,4,21,융복합교양(인간과사회),1,3,,
5,4,21,융복합교양(과학과기술),1,3,,
8,4,21,전공선택,21,63,,
1,5,20,이화진선미(기세),1,3,,
2,5,20,통합적사고와글쓰기,1,3,,
9,5,20,컴퓨팅과수리적사고,1,3,,
3,5,20,영어,1,3,,
4,5,20,제2외국어,1,3,,
5,5,20,융복합교양(문학과언어),1,3,,
5,5,20,융복합교양(표현과예술),1,3,,
5,5,20,융복합교양(역사와철학),1,3,,
5,5,20,융복합교양(인간과사회),1,3,,
5,5,20,융복합교양(과학과기술),1,3,,
8,5,20,전공선택,21,63,,
1,5,21,이화진선미(기세),1,3,,
2,5,21,통합적사고와글쓰기,1,3,,
9,5,21,컴퓨팅과수리적사고,1,3,,
3,5,21,영어,1,3,,
4,5,21,제2외국어,1,3,,
5,5,21,융복합교양(문학과언어),1,3,,
5,5,21,융복합교양(표현과예술),1,3,,
5,5,21,융복합교양(역사와철학),1,3,,
5,5,21,융복합교양(인간과사회),1,3,,
5,5,21,융복합교양(과학과기술),1,3,,
8,5,21,전공선택,21,63,,
1,6,20,이화진선미(기세),1,3,,
2,6,20,통합적사고와글쓰기,1,3,,
9,6,20,컴퓨팅과수리적사고,1,3,,
3,6,20,영어,1,3,,
4,6,20,제2외국어,1,3,,
5,6,20,융복합교양(문학과언어),1,3,,
5,6,20,융복합교양(표현과예술),1,3,,
5,6,20,융복합교양(역사와철학),1,3,,
5,6,20,융복합교양(인간과사회),1,3,,
5,6,20,융복합교양(과학과기술),1,3,,
8,6,20,전공선택,21,63,,
1,6,21,이화진선미(기세),1,3,,
2,6,21,통합적사고와글쓰기,1,3,,
9,6,21,컴퓨팅과수리적사고,1,3,,
3,6,21,영어,1,3,,
4,6,21,제2외국어,1,3,,
5,6,21,융복합교양(문학과언어),1,3,,
5,6,21,융복합교양(표현과예술),1,3,,
5,6,21,융복합교양(역사와철학),1,3,,
5,6,21,융복합교양(인간과사회),1,3,,
5,6,21,융복합교양(과학과기술),1,3,,
8,6,21,전공선택,21,63,,
1,7,20,이화진선미(기세),1,3,,
2,7,20,통합적사고와글쓰기,1,3,,
9,7,20,컴퓨팅과수리적사고,1,3,,
3,7,20,영어,1,3,,
4,7,20,제2외국어,1,3,,
5,7,20,융복합교양(문학과언어),1,3,,
5,7,20,융복합교양(표현과예술),1,3,,
5,7,20,융복합교양(역사와철학),1,3,,
5,7,20,융복합교양(인간과사회),1,3,,
5,7,20,융복합교양(과학과기술),1,3,,
8,7,20,전공선택,21,63,,
1,7,21,이화진선미(기세),1,3,,
2,7,21,통합적사고와글쓰기,1,3,,
9,7,21,컴퓨팅과수리적사고,1,3,,
3,7,21,영어,1,3,,
4,7,21,제2외국어,1,3,,
5,7,21,융복합교양(문학과언어),1,3,,
5,7,21,융복합교양(표현과예술),1,3,,
5,7,21,융복합교양(역사와철학),1,3,,
5,7,21,융복합교양(인간과사회),1,3,,
5,7,21,융복합교양(과학과기술),1,3,,
8,7,21,전공선택,21,63,,
1,8,20,이화진선미(기세),1,3,,
2,8,20,통합적사고와글쓰기,1,3,,
9,8,20,컴퓨팅과수리적사고,1,3,,
3,8,20,영어,1,3,,
4,8,20,제2외국어,1,3,,
5,8,20,융복합교양(문학과언어),1,3,,
5,8,20,융복합교양(표현과예술),1,3,,
5,8,20,융복합교양(역사와철학),1,3,,
5,8,20,융복합교양(인간과사회),1,3,,
5,8,20,융복합교양(과학과기술),1,3,,
8,8,20,전공선택,21,63,,
1,8,21,이화진선미(기세),1,3,,
2,8,21,통합적사고와글쓰기,1,3,,
9,8,21,컴퓨팅과수리적사고,1,3,,
3,8,21,영어,1,3,,
4,8,21,제2외국어,1,3,,
5,8,21,융복합교양(문학과언어),1,3,,
5,8,21,융복합교양(표현과예술),1,3,,
5,8,21,융복합교양(역사와철학),1,3,,
5,8,21,융복합교양(인간과사회),1,3,,
5,8,21,융복합교양(과학과기술),1,3,,
8,8,21,전공선택,21,63,,
1,9,18,이화진선미(기세),1,3,9,정치외교
1,9,18,이화진선미(나리),1,2,10,행정
2,9,18,우리말과글쓰기,1,3,11,경제
2,9,18,고전읽기와글쓰기,1,2,12,문헌정보
3,9,18,영어,2,6,13,사회학과
4,9,18,제2외국어,1,4,14,사회복지
5,9,18,융복합교양(문학과언어),1,3,15,심리학과
5,9,18,융복합교양(표현과예술),1,3,16,소비자학과
5,9,18,융복합교양(역사와철학),1,3,17,커미
5,9,18,융복합교양(인간과사회),1,3,,
5,9,18,융복합교양(과학과기술),1,3,,
6,9,18,융합기초,1,3,,
7,9,18,전공기초,1,3,,
8,9,18,전공선택,15,45,,
1,9,19,이화진선미(기세),1,3,,
1,9,19,이화진선미(나리),1,2,,
2,9,19,우리말과글쓰기,1,3,,
2,9,19,고전읽기와글쓰기,1,2,,
3,9,19,영어,2,6,,
4,9,19,제2외국어,1,4,,
5,9,19,융복합교양(문학과언어),1,3,,
5,9,19,융복합교양(표현과예술),1,3,,
5,9,19,융복합교양(역사와철학),1,3,,
5,9,19,융복합교양(인간과사회),1,3,,
5,9,19,융복합교양(과학과기술),1,3,,
6,9,19,융합기초,1,3,,
7,9,19,전공기초,1,3,,
8,9,19,전공선택,15,45,,
1,10,18,이화진선미(기세),1,3,,
1,10,18,이화진선미(나리),1,2,,
2,10,18,우리말과글쓰기,1,3,,
2,10,18,고전읽기와글쓰기,1,2,,
3,10,18,영어,2,6,,
4,10,18,제2외국어,1,4,,
5,10,18,융복합교양(문학과언어),1,3,,
5,10,18,융복합교양(표현과예술),1,3,,
5,10,18,융복합교양(역사와철학),1,3,,
5,10,18,융복합교양(인간과사회),1,3,,
5,10,18,융복합교양(과학과기술),1,3,,
6,10,18,융합기초,1,3,,
7,10,18,전공기초,1,3,,
8,10,18,전공선택,15,45,,
1,10,19,이화진선미(기세),1,3,,
1,10,19,이화진선미(나리),1,2,,
2,10,19,우리말과글쓰기,1,3,,
2,10,19,고전읽기와글쓰기,1,2,,
3,10,19,영어,2,6,,
4,10,19,제2외국어,1,4,,
5,10,19,융복합교양(문학과언어),1,3,,
5,10,19,융복합교양(표현과예술),1,3,,
5,10,19,융복합교양(역사와철학),1,3,,
5,10,19,융복합교양(인간과사회),1,3,,
5,10,19,융복합교양(과학과기술),1,3,,
6,10,19,융합기초,1,3,,
7,10,19,전공기초,1,3,,
8,10,19,전공선택,15,45,,
1,11,18,이화진선미(기세),1,3,,
1,11,18,이화진선미(나리),1,2,,
2,11,18,우리말과글쓰기,1,3,,
2,11,18,고전읽기와글쓰기,1,2,,
3,11,18,영어,2,6,,
4,11,18,제2외국어,1,4,,
5,11,18,융복합교양(문학과언어),1,3,,
5,11,18,융복합교양(표현과예술),1,3,,
5,11,18,융복합교양(역사와철학),1,3,,
5,11,18,융복합교양(인간과사회),1,3,,
5,11,18,융복합교양(과학과기술),1,3,,
6,11,18,융합기초,1,3,,
7,11,18,전공기초,1,3,,
8,11,18,전공선택,15,45,,
1,11,19,이화진선미(기세),1,3,,
1,11,19,이화진선미(나리),1,2,,
2,11,19,우리말과글쓰기,1,3,,
2,11,19,고전읽기와글쓰기,1,2,,
3,11,19,영어,2,6,,
4,11,19,제2외국어,1,4,,
5,11,19,융복합교양(문학과언어),1,3,,
5,11,19,융복합교양(표현과예술),1,3,,
5,11,19,융복합교양(역사와철학),1,3,,
5,11,19,융복합교양(인간과사회),1,3,,
5,11,19,융복합교양(과학과기술),1,3,,
6,11,19,융합기초,1,3,,
7,11,19,전공기초,1,3,,
8,11,19,전공선택,15,45,,
1,12,18,이화진선미(기세),1,3,,
1,12,18,이화진선미(나리),1,2,,
2,12,18,우리말과글쓰기,1,3,,
2,12,18,고전읽기와글쓰기,1,2,,
3,12,18,영어,2,6,,
4,12,18,제2외국어,1,4,,
5,12,18,융복합교양(문학과언어),1,3,,
5,12,18,융복합교양(표현과예술),1,3,,
5,12,18,융복합교양(역사와철학),1,3,,
5,12,18,융복합교양(인간과사회),1,3,,
5,12,18,융복합교양(과학과기술),1,3,,
6,12,18,융합기초,1,3,,
7,12,18,전공기초,1,3,,
8,12,18,전공선택,15,45,,
1,12,19,이화진선미(기세),1,3,,
1,12,19,이화진선미(나리),1,2,,
2,12,19,우리말과글쓰기,1,3,,
2,12,19,고전읽기와글쓰기,1,2,,
3,12,19,영어,2,6,,
4,12,19,제2외국어,1,4,,
5,12,19,융복합교양(문학과언어),1,3,,
5,12,19,융복합교양(표현과예술),1,3,,
5,12,19,융복합교양(역사와철학),1,3,,
5,12,19,융복합교양(인간과사회),1,3,,
5,12,19,융복합교양(과학과기술),1,3,,
6,12,19,융합기초,1,3,,
7,12,19,전공기초,1,3,,
8,12,19,전공선택,15,45,,
1,13,18,이화진선미(기세),1,3,,
1,13,18,이화진선미(나리),1,2,,
2,13,18,우리말과글쓰기,1,3,,
2,13,18,고전읽기와글쓰기,1,2,,
3,13,18,영어,2,6,,
4,13,18,제2외국어,1,4,,
5,13,18,융복합교양(문학과언어),1,3,,
5,13,18,융복합교양(표현과예술),1,3,,
5,13,18,융복합교양(역사와철학),1,3,,
5,13,18,융복합교양(인간과사회),1,3,,
5,13,18,융복합교양(과학과기술),1,3,,
6,13,18,융합기초,1,3,,
7,13,18,전공기초,1,3,,
8,13,18,전공선택,15,45,,
1,13,19,이화진선미(기세),1,3,,
1,13,19,이화진선미(나리),1,2,,
2,13,19,우리말과글쓰기,1,3,,
2,13,19,고전읽기와글쓰기,1,2,,
3,13,19,영어,2,6,,
4,13,19,제2외국어,1,4,,
5,13,19,융복합교양(문학과언어),1,3,,
5,13,19,융복합교양(표현과예술),1,3,,
5,13,19,융복합교양(역사와철학),1,3,,
5,13,19,융복합교양(인간과사회),1,3,,
5,13,19,융복합교양(과학과기술),1,3,,
6,13,19,융합기초,1,3,,
7,13,19,전공기초,1,3,,
8,13,19,전공선택,15,45,,
1,14,18,이화진선미(기세),1,3,,
1,14,18,이화진선미(나리),1,2,,
2,14,18,우리말과글쓰기,1,3,,
2,14,18,고전읽기와글쓰기,1,2,,
3,14,18,영어,2,6,,
4,14,18,제2외국어,1,4,,
5,14,18,융복합교양(문학과언어),1,3,,
5,14,18,융복합교양(표현과예술),1,3,,
5,14,18,융복합교양(역사와철학),1,3,,
5,14,18,융복합교양(인간과사회),1,3,,
5,14,18,융복합교양(과학과기술),1,3,,
6,14,18,융합기초,1,3,,
7,14,18,전공기초,1,3,,
8,14,18,전공선택,15,45,,
1,14,19,이화진선미(기세),1,3,,
1,14,19,이화진선미(나리),1,2,,
2,14,19,우리말과글쓰기,1,3,,
2,14,19,고전읽기와글쓰기,1,2,,
3,14,19,영어,2,6,,
4,14,19,제2외국어,1,4,,
5,14,19,융복합교양(문학과언어),1,3,,
5,14,19,융복합교양(표현과예술),1,3,,
5,14,19,융복합교양(역사와철학),1,3,,
5,14,19,융복합교양(인간과사회),1,3,,
5,14,19,융복합교양(과학과기술),1,3,,
6,14,19,융합기초,1,3,,
7,14,19,전공기초,1,3,,
8,14,19,전공선택,15,45,,
1,15,18,이화진선미(기세),1,3,,
1,15,18,이화진선미(나리),1,2,,
2,15,18,우리말과글쓰기,1,3,,
2,15,18,고전읽기와글쓰기,1,2,,
3,15,18,영어,2,6,,
4,15,18,제2외국어,1,4,,
5,15,18,융복합교양(문학과언어),1,3,,
5,15,18,융복합교양(표현과예술),1,3,,
5,15,18,융복합교양(역사와철학),1,3,,
5,15,18,융복합교양(인간과사회),1,3,,
5,15,18,융복합교양(과학과기술),1,3,,
6,15,18,융합기초,1,3,,
7,15,18,전공기초,1,3,,
8,15,18,전공선택,15,45,,
1,15,19,이화진선미(기세),1,3,,
1,15,19,이화진선미(나리),1,2,,
2,15,19,우리말과글쓰기,1,3,,
2,15,19,고전읽기와글쓰기,1,2,,
3,15,19,영어,2,6,,
4,15,19,제2외국어,1,4,,
5,15,19,융복합교양(문학과언어),1,3,,
5,15,19,융복합교양(표현과예술),1,3,,
5,15,19,융복합교양(역사와철학),1,3,,
5,15,19,융복합교양(인간과사회),1,3,,
5,15,19,융복합교양(과학과기술),1,3,,
6,15,19,융합기초,1,3,,
7,15,19,전공기초,1,3,,
8,15,19,전공선택,15,45,,
1,16,18,이화진선미(기세),1,3,,
1,16,18,이화진선미(나리),1,2,,
2,16,18,우리말과글쓰기,1,3,,
2,16,18,고전읽기와글쓰기,1,2,,
3,16,18,영어,2,6,,
4,16,18,제2외국어,1,4,,
5,16,18,융복합교양(문학과언어),1,3,,
5,16,18,융복합교양(표현과예술),1,3,,
5,16,18,융복합교양(역사와철학),1,3,,
5,16,18,융복합교양(인간과사회),1,3,,
5,16,18,융복합교양(과학과기술),1,3,,
6,16,18,융합기초,1,3,,
7,16,18,전공기초,1,3,,
8,16,18,전공선택,15,45,,
1,16,19,이화진선미(기세),1,3,,
1,16,19,이화진선미(나리),1,2,,
2,16,19,우리말과글쓰기,1,3,,
2,16,19,고전읽기와글쓰기,1,2,,
3,16,19,영어,2,6,,
4,16,19,제2외국어,1,4,,
5,16,19,융복합교양(문학과언어),1,3,,
5,16,19,융복합교양(표현과예술),1,3,,
5,16,19,융복합교양(역사와철학),1,3,,
5,16,19,융복합교양(인간과사회),1,3,,
5,16,19,융복합교양(과학과기술),1,3,,
6,16,19,융합기초,1,3,,
7,16,19,전공기초,1,3,,
8,16,19,전공선택,15,45,,
1,17,18,이화진선미(기세),1,3,,
1,17,18,이화진선미(나리),1,2,,
2,17,18,우리말과글쓰기,1,3,,
2,17,18,고전읽기와글쓰기,1,2,,
3,17,18,영어,2,6,,
4,17,18,제2외국어,1,4,,
5,17,18,융복합교양(문학과언어),1,3,,
5,17,18,융복합교양(표현과예술),1,3,,
5,17,18,융복합교양(역사와철학),1,3,,
5,17,18,융복합교양(인간과사회),1,3,,
5,17,18,융복합교양(과학과기술),1,3,,
6,17,18,융합기초,1,3,,
7,17,18,전공기초,10,30,,
8,17,18,전공선택,6,18,,
1,17,19,이화진선미(기세),1,3,,
1,17,19,이화진선미(나리),1,2,,
2,17,19,우리말과글쓰기,1,3,,
2,17,19,고전읽기와글쓰기,1,2,,
3,17,19,영어,2,6,,
4,17,19,제2외국어,1,4,,
5,17,19,융복합교양(문학과언어),1,3,,
5,17,19,융복합교양(표현과예술),1,3,,
5,17,19,융복합교양(역사와철학),1,3,,
5,17,19,융복합교양(인간과사회),1,3,,
5,17,19,융복합교양(과학과기술),1,3,,
6,17,19,융합기초,1,3,,
7,17,19,전공기초,10,30,,
8,17,19,전공선택,6,18,,
1,18,18,이화진선미(기세),1,3,,
1,18,18,이화진선미(나리),1,2,,
2,18,18,우리말과글쓰기,1,3,,
2,18,18,고전읽기와글쓰기,1,2,,
3,18,18,영어,2,6,,
4,18,18,제2외국어,1,4,,
5,18,18,융복합교양(문학과언어),1,3,,
5,18,18,융복합교양(표현과예술),1,3,,
5,18,18,융복합교양(역사와철학),1,3,,
5,18,18,융복합교양(인간과사회),1,3,,
5,18,18,융복합교양(과학과기술),1,3,,
6,18,18,융합기초,1,3,,
7,18,18,전공기초,5,15,,
8,18,18,전공선택,16,48,,
1,18,19,이화진선미(기세),1,3,,
1,18,19,이화진선미(나리),1,2,,
2,18,19,우리말과글쓰기,1,3,,
2,18,19,고전읽기와글쓰기,1,2,,
3,18,19,영어,2,6,,
4,18,19,제2외국어,1,4,,
5,18,19,융복합교양(문학과언어),1,3,,
5,18,19,융복합교양(표현과예술),1,3,,
5,18,19,융복합교양(역사와철학),1,3,,
5,18,19,융복합교양(인간과사회),1,3,,
5,18,19,융복합교양(과학과기술),1,3,,
6,18,19,융합기초,1,3,,
7,18,19,전공기초,5,15,,
8,18,19,전공선택,16,48,,
1,19,18,이화진선미(기세),1,3,,
1,19,18,이화진선미(나리),1,2,,
2,19,18,우리말과글쓰기,1,3,,
2,19,18,고전읽기와글쓰기,1,2,,
3,19,18,영어,2,6,,
4,19,18,제2외국어,1,4,,
5,19,18,융복합교양(문학과언어),1,3,,
5,19,18,융복합교양(표현과예술),1,3,,
5,19,18,융복합교양(역사와철학),1,3,,
5,19,18,융복합교양(인간과사회),1,3,,
5,19,18,융복합교양(과학과기술),1,3,,
6,19,18,융합기초,1,3,,
7,19,18,전공기초,5,15,,
8,19,18,전공선택,16,48,,
1,19,19,이화진선미(기세),1,3,,
1,19,19,이화진선미(나리),1,2,,
2,19,19,우리말과글쓰기,1,3,,
2,19,19,고전읽기와글쓰기,1,2,,
3,19,19,영어,2,6,,
4,19,19,제2외국어,1,4,,
5,19,19,융복합교양(문학과언어),1,3,,
5,19,19,융복합교양(표현과예술),1,3,,
5,19,19,융복합교양(역사와철학),1,3,,
5,19,19,융복합교양(인간과사회),1,3,,
5,19,19,융복합교양(과학과기술),1,3,,
6,19,19,융합기초,1,3,,
7,19,19,전공기초,5,15,,
8,19,19,전공선택,16,48,,
1,20,18,이화진선미(기세),1,3,,
1,20,18,이화진선미(나리),1,2,,
2,20,18,우리말과글쓰기,1,3,,
2,20,18,고전읽기와글쓰기,1,2,,
3,20,18,영어,2,6,,
4,20,18,제2외국어,1,4,,
5,20,18,융복합교양(문학과언어),1,3,,
5,20,18,융복합교양(표현과예술),1,3,,
5,20,18,융복합교양(역사와철학),1,3,,
5,20,18,융복합교양(인간과사회),1,3,,
5,20,18,융복합교양(과학과기술),1,3,,
6,20,18,융합기초,1,3,,
7,20,18,전공기초,5,15,,
8,20,18,전공선택,16,48,,
1,20,19,이화진선미(기세),1,3,,
1,20,19,이화진선미(나리),1,2,,
2,20,19,우리말과글쓰기,1,3,,
2,20,19,고전읽기와글쓰기,1,2,,
3,20,19,영어,2,6,,
4,20,19,제2외국어,1,4,,
5,20,19,융복합교양(문학과언어),1,3,,
5,20,19,융복합교양(표현과예술),1,3,,
5,20,19,융복합교양(역사와철학),1,3,,
5,20,19,융복합교양(인간과사회),1,3,,
5,20,19,융복합교양(과학과기술),1,3,,
6,20,19,융합기초,1,3,,
7,20,19,전공기초,5,15,,
8,20,19,전공선택,16,48,,
1,21,18,이화진선미(기세),1,3,,
1,21,18,이화진선미(나리),1,2,,
2,21,18,우리말과글쓰기,1,3,,
2,21,18,고전읽기와글쓰기,1,2,,
3,21,18,영어,2,6,,
4,21,18,제2외국어,1,4,,
5,21,18,융복합교양(문학과언어),1,3,,
5,21,18,융복합교양(표현과예술),1,3,,
5,21,18,융복합교양(역사와철학),1,3,,
5,21,18,융복합교양(인간과사회),1,3,,
5,21,18,융복합교양(과학과기술),1,3,,
6,21,18,융합기초,1,3,,
7,21,18,전공기초,5,15,,
8,21,18,전공선택,16,48,,
1,21,19,이화진선미(기세),1,3,,
1,21,19,이화진선미(나리),1,2,,
2,21,19,우리말과글쓰기,1,3,,
2,21,19,고전읽기와글쓰기,1,2,,
3,21,19,영어,2,6,,
4,21,19,제2외국어,1,4,,
5,21,19,융복합교양(문학과언어),1,3,,
5,21,19,융복합교양(표현과예술),1,3,,
5,21,19,융복합교양(역사와철학),1,3,,
5,21,19,융복합교양(인간과사회),1,3,,
5,21,19,융복합교양(과학과기술),1,3,,
6,21,19,융합기초,1,3,,
7,21,19,전공기초,5,15,,
8,21,19,전공선택,16,48,,
1,22,18,이화진선미(기세),1,3,,
1,22,18,이화진선미(나리),1,2,,
2,22,18,우리말과글쓰기,1,3,,
2,22,18,고전읽기와글쓰기,1,2,,
3,22,18,영어,2,6,,
4,22,18,제2외국어,1,4,,
5,22,18,융복합교양(문학과언어),1,3,,
5,22,18,융복합교양(표현과예술),1,3,,
5,22,18,융복합교양(역사와철학),1,3,,
5,22,18,융복합교양(인간과사회),1,3,,
5,22,18,융복합교양(과학과기술),1,3,,
6,22,18,융합기초,1,3,,
7,22,18,전공기초,5,15,,
8,22,18,전공선택,16,48,,
1,22,19,이화진선미(기세),1,3,,
1,22,19,이화진선미(나리),1,2,,
2,22,19,우리말과글쓰기,1,3,,
2,22,19,고전읽기와글쓰기,1,2,,
3,22,19,영어,2,6,,
4,22,19,제2외국어,1,4,,
5,22,19,융복합교양(문학과언어),1,3,,
5,22,19,융복합교양(표현과예술),1,3,,
5,22,19,융복합교양(역사와철학),1,3,,
5,22,19,융복합교양(인간과사회),1,3,,
5,22,19,융복합교양(과학과기술),1,3,,
6,22,19,융합기초,1,3,,
7,22,19,전공기초,5,15,,
8,22,19,전공선택,16,48,,
1,24,18,이화진선미(기세),1,3,,
1,24,18,이화진선미(나리),1,2,,
2,24,18,우리말과글쓰기,1,3,,
2,24,18,고전읽기와글쓰기,1,2,,
3,24,18,영어,2,6,,
4,24,18,제2외국어,1,4,,
5,24,18,융복합교양(문학과언어),1,3,,
5,24,18,융복합교양(표현과예술),1,3,,
5,24,18,융복합교양(역사와철학),1,3,,
5,24,18,융복합교양(인간과사회),1,3,,
5,24,18,융복합교양(과학과기술),1,3,,
6,24,18,융합기초,1,3,,
7,24,18,전공기초,10,31,,
8,24,18,전공선택,21,63,,
1,24,19,이화진선미(기세),1,3,,
1,24,19,이화진선미(나리),1,2,,
2,24,19,우리말과글쓰기,1,3,,
2,24,19,고전읽기와글쓰기,1,2,,
3,24,19,영어,2,6,,
4,24,19,제2외국어,1,4,,
5,24,19,융복합교양(문학과언어),1,3,,
5,24,19,융복합교양(표현과예술),1,3,,
5,24,19,융복합교양(역사와철학),1,3,,
5,24,19,융복합교양(인간과사회),1,3,,
5,24,19,융복합교양(과학과기술),1,3,,
6,24,19,융합기초,1,3,,
7,24,19,전공기초,10,31,,
8,24,19,전공선택,21,63,,
1,25,18,이화진선미(기세),1,3,,
1,25,18,이화진선미(나리),1,2,,
2,25,18,우리말과글쓰기,1,3,,
2,25,18,고전읽기와글쓰기,1,2,,
3,25,18,영어,2,6,,
4,25,18,제2외국어,1,4,,
5,25,18,융복합교양(문학과언어),1,3,,
5,25,18,융복합교양(표현과예술),1,3,,
5,25,18,융복합교양(역사와철학),1,3,,
5,25,18,융복합교양(인간과사회),1,3,,
5,25,18,융복합교양(과학과기술),1,3,,
6,25,18,융합기초,1,3,,
7,25,18,전공기초,10,30,,
8,25,18,전공선택,21,62,,
1,25,19,이화진선미(기세),1,3,,
1,25,19,이화진선미(나리),1,2,,
2,25,19,우리말과글쓰기,1,3,,
2,25,19,고전읽기와글쓰기,1,2,,
3,25,19,영어,2,6,,
4,25,19,제2외국어,1,4,,
5,25,19,융복합교양(문학과언어),1,3,,
5,25,19,융복합교양(표현과예술),1,3,,
5,25,19,융복합교양(역사와철학),1,3,,
5,25,19,융복합교양(인간과사회),1,3,,
5,25,19,융복합교양(과학과기술),1,3,,
6,25,19,융합기초,1,3,,
7,25,19,전공기초,10,30,,
8,25,19,전공선택,21,62,,
1,26,18,이화진선미(기세),1,3,,
1,26,18,이화진선미(나리),1,2,,
2,26,18,우리말과글쓰기,1,3,,
2,26,18,고전읽기와글쓰기,1,2,,
3,26,18,영어,2,6,,
4,26,18,제2외국어,1,4,,
5,26,18,융복합교양(문학과언어),1,3,,
5,26,18,융복합교양(표현과예술),1,3,,
5,26,18,융복합교양(역사와철학),1,3,,
5,26,18,융복합교양(인간과사회),1,3,,
5,26,18,융복합교양(과학과기술),1,3,,
6,26,18,융합기초,1,3,,
7,26,18,전공기초,10,30,,
8,26,18,전공선택,21,62,,
1,26,19,이화진선미(기세),1,3,,
1,26,19,이화진선미(나리),1,2,,
2,26,19,우리말과글쓰기,1,3,,
2,26,19,고전읽기와글쓰기,1,2,,
3,26,19,영어,2,6,,
4,26,19,제2외국어,1,4,,
5,26,19,융복합교양(문학과언어),1,3,,
5,26,19,융복합교양(표현과예술),1,3,,
5,26,19,융복합교양(역사와철학),1,3,,
5,26,19,융복합교양(인간과사회),1,3,,
5,26,19,융복합교양(과학과기술),1,3,,
6,26,19,융합기초,1,3,,
7,26,19,전공기초,5,15,,
8,26,19,전공선택,16,48,,
1,27,18,이화진선미(기세),1,3,,
1,27,18,이화진선미(나리),1,2,,
2,27,18,우리말과글쓰기,1,3,,
2,27,18,고전읽기와글쓰기,1,2,,
3,27,18,영어,2,6,,
4,27,18,제2외국어,1,4,,
5,27,18,융복합교양(문학과언어),1,3,,
5,27,18,융복합교양(표현과예술),1,3,,
5,27,18,융복합교양(역사와철학),1,3,,
5,27,18,융복합교양(인간과사회),1,3,,
5,27,18,융복합교양(과학과기술),1,3,,
6,27,18,융합기초,1,3,,
7,27,18,전공기초,5,15,,
8,27,18,전공선택,16,48,,
1,27,19,이화진선미(기세),1,3,,
1,27,19,이화진선미(나리),1,2,,
2,27,19,우리말과글쓰기,1,3,,
2,27,19,고전읽기와글쓰기,1,2,,
3,27,19,영어,2,6,,
4,27,19,제2외국어,1,4,,
5,27,19,융복합교양(문학과언어),1,3,,
5,27,19,융복합교양(표현과예술),1,3,,
5,27,19,융복합교양(역사와철학),1,3,,
5,27,19,융복합교양(인간과사회),1,3,,
5,27,19,융복합교양(과학과기술),1,3,,
6,27,19,융합기초,1,3,,
7,27,19,전공기초,5,15,,
8,27,19,전공선택,16,48,,
1,28,18,이화진선미(기세),1,3,,
1,28,18,이화진선미(나리),1,2,,
2,28,18,우리말과글쓰기,1,3,,
2,28,18,고전읽기와글쓰기,1,2,,
3,28,18,영어,2,6,,
4,28,18,제2외국어,1,4,,
5,28,18,융복합교양(문학과언어),1,3,,
5,28,18,융복합교양(표현과예술),1,3,,
5,28,18,융복합교양(역사와철학),1,3,,
5,28,18,융복합교양(인간과사회),1,3,,
5,28,18,융복합교양(과학과기술),1,3,,
6,28,18,융합기초,1,3,,
7,28,18,전공기초,5,15,,
8,28,18,전공선택,35,105,,
1,28,19,이화진선미(기세),1,3,,
1,28,19,이화진선미(나리),1,2,,
2,28,19,우리말과글쓰기,1,3,,
2,28,19,고전읽기와글쓰기,1,2,,
3,28,19,영어,2,6,,
4,28,19,제2외국어,1,4,,
5,28,19,융복합교양(문학과언어),1,3,,
5,28,19,융복합교양(표현과예술),1,3,,
5,28,19,융복합교양(역사와철학),1,3,,
5,28,19,융복합교양(인간과사회),1,3,,
5,28,19,융복합교양(과학과기술),1,3,,
6,28,19,융합기초,1,3,,
7,28,19,전공기초,12,36,,
8,28,19,전공선택,22,66,,
1,29,18,이화진선미(기세),1,3,,
1,29,18,이화진선미(나리),1,2,,
2,29,18,우리말과글쓰기,1,3,,
2,29,18,고전읽기와글쓰기,1,2,,
3,29,18,영어,2,6,,
4,29,18,제2외국어,1,4,,
5,29,18,융복합교양(문학과언어),1,3,,
5,29,18,융복합교양(표현과예술),1,3,,
5,29,18,융복합교양(역사와철학),1,3,,
5,29,18,융복합교양(인간과사회),1,3,,
5,29,18,융복합교양(과학과기술),1,3,,
6,29,18,융합기초,1,3,,
7,29,18,전공기초,12,36,,
8,29,18,전공선택,22,66,,
1,29,19,이화진선미(기세),1,3,,
1,29,19,이화진선미(나리),1,2,,
2,29,19,우리말과글쓰기,1,3,,
2,29,19,고전읽기와글쓰기,1,2,,
3,29,19,영어,2,6,,
4,29,19,제2외국어,1,4,,
5,29,19,융복합교양(문학과언어),1,3,,
5,29,19,융복합교양(표현과예술),1,3,,
5,29,19,융복합교양(역사와철학),1,3,,
5,29,19,융복합교양(인간과사회),1,3,,
5,29,19,융복합교양(과학과기술),1,3,,
6,29,19,융합기초,1,3,,
7,29,19,전공기초,5,15,,
8,29,19,전공선택,35,105,,
1,30,18,이화진선미(기세),1,3,,
1,30,18,이화진선미(나리),1,2,,
2,30,18,우리말과글쓰기,1,3,,
2,30,18,고전읽기와글쓰기,1,2,,
3,30,18,영어,2,6,,
4,30,18,제2외국어,1,4,,
5,30,18,융복합교양(문학과언어),1,3,,
5,30,18,융복합교양(표현과예술),1,3,,
5,30,18,융복합교양(역사와철학),1,3,,
5,30,18,융복합교양(인간과사회),1,3,,
5,30,18,융복합교양(과학과기술),1,3,,
6,30,18,융합기초,1,3,,
7,30,18,전공기초,10,30,,
8,30,18,전공선택,21,62,,
1,30,19,이화진선미(기세),1,3,,
1,30,19,이화진선미(나리),1,2,,
2,30,19,우리말과글쓰기,1,3,,
2,30,19,고전읽기와글쓰기,1,2,,
3,30,19,영어,2,6,,
4,30,19,제2외국어,1,4,,
5,30,19,융복합교양(문학과언어),1,3,,
5,30,19,융복합교양(표현과예술),1,3,,
5,30,19,융복합교양(역사와철학),1,3,,
5,30,19,융복합교양(인간과사회),1,3,,
5,30,19,융복합교양(과학과기술),1,3,,
6,30,19,융합기초,1,3,,
7,30,19,전공기초,10,30,,
8,30,19,전공선택,21,63,,
1,31,18,이화진선미(기세),1,3,,
1,31,18,이화진선미(나리),1,2,,
2,31,18,우리말과글쓰기,1,3,,
2,31,18,고전읽기와글쓰기,1,2,,
3,31,18,영어,2,6,,
4,31,18,제2외국어,1,4,,
5,31,18,융복합교양(문학과언어),1,3,,
5,31,18,융복합교양(표현과예술),1,3,,
5,31,18,융복합교양(역사와철학),1,3,,
5,31,18,융복합교양(인간과사회),1,3,,
5,31,18,융복합교양(과학과기술),1,3,,
6,31,18,융합기초,1,3,,
7,31,18,전공기초,10,31,,
8,31,18,전공선택,21,62,,
1,31,19,이화진선미(기세),1,3,,
1,31,19,이화진선미(나리),1,2,,
2,31,19,우리말과글쓰기,1,3,,
2,31,19,고전읽기와글쓰기,1,2,,
3,31,19,영어,2,6,,
4,31,19,제2외국어,1,4,,
5,31,19,융복합교양(문학과언어),1,3,,
5,31,19,융복합교양(표현과예술),1,3,,
5,31,19,융복합교양(역사와철학),1,3,,
5,31,19,융복합교양(인간과사회),1,3,,
5,31,19,융복합교양(과학과기술),1,3,,
6,31,19,융합기초,1,3,,
7,31,19,전공기초,10,31,,
8,31,19,전공선택,21,62,,
1,32,18,이화진선미(기세),1,3,,
1,32,18,이화진선미(나리),1,2,,
2,32,18,우리말과글쓰기,1,3,,
2,32,18,고전읽기와글쓰기,1,2,,
3,32,18,영어,2,6,,
4,32,18,제2외국어,1,4,,
5,32,18,융복합교양(문학과언어),1,3,,
5,32,18,융복합교양(표현과예술),1,3,,
5,32,18,융복합교양(역사와철학),1,3,,
5,32,18,융복합교양(인간과사회),1,3,,
5,32,18,융복합교양(과학과기술),1,3,,
6,32,18,융합기초,1,3,,
7,32,18,전공기초,10,30,,
8,32,18,전공선택,17,51,,
1,32,19,이화진선미(기세),1,3,,
1,32,19,이화진선미(나리),1,2,,
2,32,19,우리말과글쓰기,1,3,,
2,32,19,고전읽기와글쓰기,1,2,,
3,32,19,영어,2,6,,
4,32,19,제2외국어,1,4,,
5,32,19,융복합교양(문학과언어),1,3,,
5,32,19,융복합교양(표현과예술),1,3,,
5,32,19,융복합교양(역사와철학),1,3,,
5,32,19,융복합교양(인간과사회),1,3,,
5,32,19,융복합교양(과학과기술),1,3,,
6,32,19,융합기초,1,3,,
7,32,19,전공기초,10,30,,
8,32,19,전공선택,17,51,,
1,33,18,이화진선미(기세),1,3,,
1,33,18,이화진선미(나리),1,2,,
2,33,18,우리말과글쓰기,1,3,,
2,33,18,고전읽기와글쓰기,1,2,,
3,33,18,영어,2,6,,
4,33,18,제2외국어,1,4,,
5,33,18,융복합교양(문학과언어),1,3,,
5,33,18,융복합교양(표현과예술),1,3,,
5,33,18,융복합교양(역사와철학),1,3,,
5,33,18,융복합교양(인간과사회),1,3,,
5,33,18,융복합교양(과학과기술),1,3,,
6,33,18,융합기초,1,3,,
7,33,18,전공기초,10,30,,
8,33,18,전공선택,17,51,,
1,33,19,이화진선미(기세),1,3,,
1,33,19,이화진선미(나리),1,2,,
2,33,19,우리말과글쓰기,1,3,,
2,33,19,고전읽기와글쓰기,1,2,,
3,33,19,영어,2,6,,
4,33,19,제2외국어,1,4,,
5,33,19,융복합교양(문학과언어),1,3,,
5,33,19,융복합교양(표현과예술),1,3,,
5,33,19,융복합교양(역사와철학),1,3,,
5,33,19,융복합교양(인간과사회),1,3,,
5,33,19,융복합교양(과학과기술),1,3,,
6,33,19,융합기초,1,3,,
7,33,19,전공기초,10,30,,
8,33,19,전공선택,17,51,,
1,34,18,이화진선미(기세),1,3,,
1,34,18,이화진선미(나리),1,2,,
2,34,18,우리말과글쓰기,1,3,,
2,34,18,고전읽기와글쓰기,1,2,,
3,34,18,영어,2,6,,
4,34,18,제2외국어,1,4,,
5,34,18,융복합교양(문학과언어),1,3,,
5,34,18,융복합교양(표현과예술),1,3,,
5,34,18,융복합교양(역사와철학),1,3,,
5,34,18,융복합교양(인간과사회),1,3,,
5,34,18,융복합교양(과학과기술),1,3,,
6,34,18,융합기초,1,3,,
7,34,18,전공기초,8,24,,
8,34,18,전공선택,16,48,,
1,34,19,이화진선미(기세),1,3,,
1,34,19,이화진선미(나리),1,2,,
2,34,19,우리말과글쓰기,1,3,,
2,34,19,고전읽기와글쓰기,1,2,,
3,34,19,영어,2,6,,
4,34,19,제2외국어,1,4,,
5,34,19,융복합교양(문학과언어),1,3,,
5,34,19,융복합교양(표현과예술),1,3,,
5,34,19,융복합교양(역사와철학),1,3,,
5,34,19,융복합교양(인간과사회),1,3,,
5,34,19,융복합교양(과학과기술),1,3,,
6,34,19,융합기초,1,3,,
7,34,19,전공기초,8,24,,
8,34,19,전공선택,16,48,,
1,35,18,이화진선미(기세),1,3,,
1,35,18,이화진선미(나리),1,2,,
2,35,18,우리말과글쓰기,1,3,,
2,35,18,고전읽기와글쓰기,1,2,,
3,35,18,영어,2,6,,
4,35,18,제2외국어,1,4,,
5,35,18,융복합교양(문학과언어),1,3,,
5,35,18,융복합교양(표현과예술),1,3,,
5,35,18,융복합교양(역사와철학),1,3,,
5,35,18,융복합교양(인간과사회),1,3,,
5,35,18,융복합교양(과학과기술),1,3,,
6,35,18,융합기초,1,3,,
7,35,18,전공기초,8,24,,
8,35,18,전공선택,16,48,,
1,35,19,이화진선미(기세),1,3,,
1,35,19,이화진선미(나리),1,2,,
2,35,19,우리말과글쓰기,1,3,,
2,35,19,고전읽기와글쓰기,1,2,,
3,35,19,영어,2,6,,
4,35,19,제2외국어,1,4,,
5,35,19,융복합교양(문학과언어),1,3,,
5,35,19,융복합교양(표현과예술),1,3,,
5,35,19,융복합교양(역사와철학),1,3,,
5,35,19,융복합교양(인간과사회),1,3,,
5,35,19,융복합교양(과학과기술),1,3,,
6,35,19,융합기초,1,3,,
7,35,19,전공기초,8,24,,
8,35,19,전공선택,16,48,,
1,36,18,이화진선미(기세),1,3,,
1,36,18,이화진선미(나리),1,2,,
2,36,18,우리말과글쓰기,1,3,,
2,36,18,고전읽기와글쓰기,1,2,,
3,36,18,영어,2,6,,
4,36,18,제2외국어,1,4,,
5,36,18,융복합교양(문학과언어),1,3,,
5,36,18,융복합교양(표현과예술),1,3,,
5,36,18,융복합교양(역사와철학),1,3,,
5,36,18,융복합교양(인간과사회),1,3,,
5,36,18,융복합교양(과학과기술),1,3,,
6,36,18,융합기초,1,3,,
7,36,18,전공기초,8,24,,
8,36,18,전공선택,16,48,,
1,36,19,이화진선미(기세),1,3,,
1,36,19,이화진선미(나리),1,2,,
2,36,19,우리말과글쓰기,1,3,,
2,36,19,고전읽기와글쓰기,1,2,,
3,36,19,영어,2,6,,
4,36,19,제2외국어,1,4,,
5,36,19,융복합교양(문학과언어),1,3,,
5,36,19,융복합교양(표현과예술),1,3,,
5,36,19,융복합교양(역사와철학),1,3,,
5,36,19,융복합교양(인간과사회),1,3,,
5,36,19,융복합교양(과학과기술),1,3,,
6,36,19,융합기초,1,3,,
7,36,19,전공기초,8,24,,
8,36,19,전공선택,16,48,,
1,37,18,이화진선미(기세),1,3,,
1,37,18,이화진선미(나리),1,2,,
2,37,18,우리말과글쓰기,1,3,,
2,37,18,고전읽기와글쓰기,1,2,,
3,37,18,영어,2,6,,
4,37,18,제2외국어,1,4,,
5,37,18,융복합교양(문학과언어),1,3,,
5,37,18,융복합교양(표현과예술),1,3,,
5,37,18,융복합교양(역사와철학),1,3,,
5,37,18,융복합교양(인간과사회),1,3,,
5,37,18,융복합교양(과학과기술),1,3,,
6,37,18,융합기초,1,3,,
7,37,18,전공기초,8,24,,
8,37,18,전공선택,16,48,,
1,37,19,이화진선미(기세),1,3,,
1,37,19,이화진선미(나리),1,2,,
2,37,19,우리말과글쓰기,1,3,,
2,37,19,고전읽기와글쓰기,1,2,,
3,37,19,영어,2,6,,
4,37,19,제2외국어,1,4,,
5,37,19,융복합교양(문학과언어),1,3,,
5,37,19,융복합교양(표현과예술),1,3,,
5,37,19,융복합교양(역사와철학),1,3,,
5,37,19,융복합교양(인간과사회),1,3,,
5,37,19,융복합교양(과학과기술),1,3,,
6,37,19,융합기초,1,3,,
7,37,19,전공기초,8,24,,
8,37,19,전공선택,16,48,,
1,38,18,이화진선미(기세),1,3,,
1,38,18,이화진선미(나리),1,2,,
2,38,18,우리말과글쓰기,1,3,,
2,38,18,고전읽기와글쓰기,1,2,,
3,38,18,영어,2,6,,
4,38,18,제2외국어,1,4,,
5,38,18,융복합교양(문학과언어),1,3,,
5,38,18,융복합교양(표현과예술),1,3,,
5,38,18,융복합교양(역사와철학),1,3,,
5,38,18,융복합교양(인간과사회),1,3,,
5,38,18,융복합교양(과학과기술),1,3,,
6,38,18,융합기초,1,3,,
7,38,18,전공기초,7,21,,
8,38,18,전공선택,16,48,,
1,38,19,이화진선미(기세),1,3,,
1,38,19,이화진선미(나리),1,2,,
2,38,19,우리말과글쓰기,1,3,,
2,38,19,고전읽기와글쓰기,1,2,,
3,38,19,영어,2,6,,
4,38,19,제2외국어,1,4,,
5,38,19,융복합교양(문학과언어),1,3,,
5,38,19,융복합교양(표현과예술),1,3,,
5,38,19,융복합교양(역사와철학),1,3,,
5,38,19,융복합교양(인간과사회),1,3,,
5,38,19,융복합교양(과학과기술),1,3,,
6,38,19,융합기초,1,3,,
7,38,19,전공기초,7,21,,
8,38,19,전공선택,16,48,,
1,39,18,이화진선미(기세),1,3,,
1,39,18,이화진선미(나리),1,2,,
2,39,18,우리말과글쓰기,1,3,,
2,39,18,고전읽기와글쓰기,1,2,,
3,39,18,영어,2,6,,
4,39,18,제2외국어,1,4,,
5,39,18,융복합교양(문학과언어),1,3,,
5,39,18,융복합교양(표현과예술),1,3,,
5,39,18,융복합교양(역사와철학),1,3,,
5,39,18,융복합교양(인간과사회),1,3,,
5,39,18,융복합교양(과학과기술),1,3,,
6,39,18,융합기초,1,3,,
7,39,18,전공기초,4,12,,
8,39,18,전공선택,16,48,,
1,39,19,이화진선미(기세),1,3,,
1,39,19,이화진선미(나리),1,2,,
2,39,19,우리말과글쓰기,1,3,,
2,39,19,고전읽기와글쓰기,1,2,,
3,39,19,영어,2,6,,
4,39,19,제2외국어,1,4,,
5,39,19,융복합교양(문학과언어),1,3,,
5,39,19,융복합교양(표현과예술),1,3,,
5,39,19,융복합교양(역사와철학),1,3,,
5,39,19,융복합교양(인간과사회),1,3,,
5,39,19,융복합교양(과학과기술),1,3,,
6,39,19,융합기초,1,3,,
7,39,19,전공기초,4,12,,
8,39,19,전공선택,16,48,,
1,40,18,이화진선미(기세),1,3,,
1,40,18,이화진선미(나리),1,2,,
2,40,18,우리말과글쓰기,1,3,,
2,40,18,고전읽기와글쓰기,1,2,,
3,40,18,영어,2,6,,
4,40,18,제2외국어,1,4,,
5,40,18,융복합교양(문학과언어),1,3,,
5,40,18,융복합교양(표현과예술),1,3,,
5,40,18,융복합교양(역사와철학),1,3,,
5,40,18,융복합교양(인간과사회),1,3,,
5,40,18,융복합교양(과학과기술),1,3,,
6,40,18,융합기초,1,3,,
7,40,18,전공기초,16,48,,
8,40,18,전공선택,16,48,,
1,40,19,이화진선미(기세),1,3,,
1,40,19,이화진선미(나리),1,2,,
2,40,19,우리말과글쓰기,1,3,,
2,40,19,고전읽기와글쓰기,1,2,,
3,40,19,영어,2,6,,
4,40,19,제2외국어,1,4,,
5,40,19,융복합교양(문학과언어),1,3,,
5,40,19,융복합교양(표현과예술),1,3,,
5,40,19,융복합교양(역사와철학),1,3,,
5,40,19,융복합교양(인간과사회),1,3,,
5,40,19,융복합교양(과학과기술),1,3,,
6,40,19,융합기초,1,3,,
7,40,19,전공기초,4,12,,
8,40,19,전공선택,16,48,,
1,41,18,이화진선미(기세),1,3,,
1,41,18,이화진선미(나리),1,2,,
2,41,18,우리말과글쓰기,1,3,,
2,41,18,고전읽기와글쓰기,1,2,,
3,41,18,영어,2,6,,
4,41,18,제2외국어,1,4,,
5,41,18,융복합교양(문학과언어),1,3,,
5,41,18,융복합교양(표현과예술),1,3,,
5,41,18,융복합교양(역사와철학),1,3,,
5,41,18,융복합교양(인간과사회),1,3,,
5,41,18,융복합교양(과학과기술),1,3,,
6,41,18,융합기초,1,3,,
7,41,18,전공기초,4,12,,
8,41,18,전공선택,16,48,,
1,41,19,이화진선미(기세),1,3,,
1,41,19,이화진선미(나리),1,2,,
2,41,19,우리말과글쓰기,1,3,,
2,41,19,고전읽기와글쓰기,1,2,,
3,41,19,영어,2,6,,
4,41,19,제2외국어,1,4,,
5,41,19,융복합교양(문학과언어),1,3,,
5,41,19,융복합교양(표현과예술),1,3,,
5,41,19,융복합교양(역사와철학),1,3,,
5,41,19,융복합교양(인간과사회),1,3,,
5,41,19,융복합교양(과학과기술),1,3,,
6,41,19,융합기초,1,3,,
7,41,19,전공기초,4,12,,
8,41,19,전공선택,16,48,,
1,42,18,이화진선미(기세),1,3,,
1,42,18,이화진선미(나리),1,2,,
2,42,18,우리말과글쓰기,1,3,,
2,42,18,고전읽기와글쓰기,1,2,,
3,42,18,영어,2,6,,
4,42,18,제2외국어,1,4,,
5,42,18,융복합교양(문학과언어),1,3,,
5,42,18,융복합교양(표현과예술),1,3,,
5,42,18,융복합교양(역사와철학),1,3,,
5,42,18,융복합교양(인간과사회),1,3,,
5,42,18,융복합교양(과학과기술),1,3,,
6,42,18,융합기초,1,3,,
7,42,18,전공기초,4,12,,
8,42,18,전공선택,19,57,,
1,42,19,이화진선미(기세),1,3,,
1,42,19,이화진선미(나리),1,2,,
2,42,19,우리말과글쓰기,1,3,,
2,42,19,고전읽기와글쓰기,1,2,,
3,42,19,영어,2,6,,
4,42,19,제2외국어,1,4,,
5,42,19,융복합교양(문학과언어),1,3,,
5,42,19,융복합교양(표현과예술),1,3,,
5,42,19,융복합교양(역사와철학),1,3,,
5,42,19,융복합교양(인간과사회),1,3,,
5,42,19,융복합교양(과학과기술),1,3,,
6,42,19,융합기초,1,3,,
7,42,19,전공기초,4,12,,
8,42,19,전공선택,19,57,,
1,43,18,이화진선미(기세),1,3,,
1,43,18,이화진선미(나리),1,2,,
2,43,18,우리말과글쓰기,1,3,,
2,43,18,고전읽기와글쓰기,1,2,,
3,43,18,영어,2,6,,
4,43,18,제2외국어,1,4,,
5,43,18,융복합교양(문학과언어),1,3,,
5,43,18,융복합교양(표현과예술),1,3,,
5,43,18,융복합교양(역사와철학),1,3,,
5,43,18,융복합교양(인간과사회),1,3,,
5,43,18,융복합교양(과학과기술),1,3,,
6,43,18,융합기초,1,3,,
7,43,18,전공기초,6,18,,
8,43,18,전공선택,16,57,,
1,43,19,이화진선미(기세),1,3,,
1,43,19,이화진선미(나리),1,2,,
2,43,19,우리말과글쓰기,1,3,,
2,43,19,고전읽기와글쓰기,1,2,,
3,43,19,영어,2,6,,
4,43,19,제2외국어,1,4,,
5,43,19,융복합교양(문학과언어),1,3,,
5,43,19,융복합교양(표현과예술),1,3,,
5,43,19,융복합교양(역사와철학),1,3,,
5,43,19,융복합교양(인간과사회),1,3,,
5,43,19,융복합교양(과학과기술),1,3,,
6,43,19,융합기초,1,3,,
7,43,19,전공기초,7,21,,
8,43,19,전공선택,16,48,,
1,44,18,이화진선미(기세),1,3,,
1,44,18,이화진선미(나리),1,2,,
2,44,18,우리말과글쓰기,1,3,,
2,44,18,고전읽기와글쓰기,1,2,,
3,44,18,영어,2,6,,
4,44,18,제2외국어,1,4,,
5,44,18,융복합교양(문학과언어),1,3,,
5,44,18,융복합교양(표현과예술),1,3,,
5,44,18,융복합교양(역사와철학),1,3,,
5,44,18,융복합교양(인간과사회),1,3,,
5,44,18,융복합교양(과학과기술),1,3,,
6,44,18,융합기초,1,3,,
7,44,18,전공기초,7,21,,
8,44,18,전공선택,16,48,,
1,44,19,이화진선미(기세),1,3,,
1,44,19,이화진선미(나리),1,2,,
2,44,19,우리말과글쓰기,1,3,,
2,44,19,고전읽기와글쓰기,1,2,,
3,44,19,영어,2,6,,
4,44,19,제2외국어,1,4,,
5,44,19,융복합교양(문학과언어),1,3,,
5,44,19,융복합교양(표현과예술),1,3,,
5,44,19,융복합교양(역사와철학),1,3,,
5,44,19,융복합교양(인간과사회),1,3,,
5,44,19,융복합교양(과학과기술),1,3,,
6,44,19,융합기초,1,3,,
7,44,19,전공기초,7,21,,
8,44,19,전공선택,16,48,,
1,44,19,이화진선미(기세),1,3,,
1,45,18,이화진선미(나리),1,2,,
2,45,18,우리말과글쓰기,1,3,,
2,45,18,고전읽기와글쓰기,1,2,,
3,45,18,영어,2,6,,
4,45,18,제2외국어,1,4,,
5,45,18,융복합교양(문학과언어),1,3,,
5,45,18,융복합교양(표현과예술),1,3,,
5,45,18,융복합교양(역사와철학),1,3,,
5,45,18,융복합교양(인간과사회),1,3,,
5,45,18,융복합교양(과학과기술),1,3,,
6,45,18,융합기초,1,3,,
7,45,18,전공기초,7,21,,
8,45,18,전공선택,16,48,,
1,45,19,이화진선미(기세),1,3,,
1,45,19,이화진선미(나리),1,2,,
2,45,19,우리말과글쓰기,1,3,,
2,45,19,고전읽기와글쓰기,1,2,,
3,45,19,영어,2,6,,
4,45,19,제2외국어,1,4,,
5,45,19,융복합교양(문학과언어),1,3,,
5,45,19,융복합교양(표현과예술),1,3,,
5,45,19,융복합교양(역사와철학),1,3,,
5,45,19,융복합교양(인간과사회),1,3,,
5,45,19,융복합교양(과학과기술),1,3,,
6,45,19,융합기초,1,3,,
7,45,19,전공기초,7,21,,
8,45,19,전공선택,16,48,,
1,9,20,이화진선미(기세),1,3,,
2,9,20,통합적사고와글쓰기,1,3,,
9,9,20,컴퓨팅과수리적사고,1,3,,
3,9,20,영어,1,3,,
4,9,20,제2외국어,1,3,,
5,9,20,융복합교양(문학과언어),1,3,,
5,9,20,융복합교양(표현과예술),1,3,,
5,9,20,융복합교양(역사와철학),1,3,,
5,9,20,융복합교양(인간과사회),1,3,,
5,9,20,융복합교양(과학과기술),1,3,,
8,9,20,전공선택,21,63,,
1,10,20,이화진선미(기세),1,3,,
2,10,20,통합적사고와글쓰기,1,3,,
9,10,20,컴퓨팅과수리적사고,1,3,,
3,10,20,영어,1,3,,
4,10,20,제2외국어,1,3,,
5,10,20,융복합교양(문학과언어),1,3,,
5,10,20,융복합교양(표현과예술),1,3,,
5,10,20,융복합교양(역사와철학),1,3,,
5,10,20,융복합교양(인간과사회),1,3,,
5,10,20,융복합교양(과학과기술),1,3,,
8,10,20,전공선택,21,63,,
1,11,20,이화진선미(기세),1,3,,
2,11,20,통합적사고와글쓰기,1,3,,
9,11,20,컴퓨팅과수리적사고,1,3,,
3,11,20,영어,1,3,,
4,11,20,제2외국어,1,3,,
5,11,20,융복합교양(문학과언어),1,3,,
5,11,20,융복합교양(표현과예술),1,3,,
5,11,20,융복합교양(역사와철학),1,3,,
5,11,20,융복합교양(인간과사회),1,3,,
5,11,20,융복합교양(과학과기술),1,3,,
8,11,20,전공선택,21,63,,
1,12,20,이화진선미(기세),1,3,,
2,12,20,통합적사고와글쓰기,1,3,,
9,12,20,컴퓨팅과수리적사고,1,3,,
3,12,20,영어,1,3,,
4,12,20,제2외국어,1,3,,
5,12,20,융복합교양(문학과언어),1,3,,
5,12,20,융복합교양(표현과예술),1,3,,
5,12,20,융복합교양(역사와철학),1,3,,
5,12,20,융복합교양(인간과사회),1,3,,
5,12,20,융복합교양(과학과기술),1,3,,
8,12,20,전공선택,21,63,,
1,13,20,이화진선미(기세),1,3,,
2,13,20,통합적사고와글쓰기,1,3,,
9,13,20,컴퓨팅과수리적사고,1,3,,
3,13,20,영어,1,3,,
4,13,20,제2외국어,1,3,,
5,13,20,융복합교양(문학과언어),1,3,,
5,13,20,융복합교양(표현과예술),1,3,,
5,13,20,융복합교양(역사와철학),1,3,,
5,13,20,융복합교양(인간과사회),1,3,,
5,13,20,융복합교양(과학과기술),1,3,,
8,13,20,전공선택,21,63,,
1,14,20,이화진선미(기세),1,3,,
2,14,20,통합적사고와글쓰기,1,3,,
9,14,20,컴퓨팅과수리적사고,1,3,,
3,14,20,영어,1,3,,
4,14,20,제2외국어,1,3,,
5,14,20,융복합교양(문학과언어),1,3,,
5,14,20,융복합교양(표현과예술),1,3,,
5,14,20,융복합교양(역사와철학),1,3,,
5,14,20,융복합교양(인간과사회),1,3,,
5,14,20,융복합교양(과학과기술),1,3,,
8,14,20,전공선택,21,63,,
1,15,20,이화진선미(기세),1,3,,
2,15,20,통합적사고와글쓰기,1,3,,
9,15,20,컴퓨팅과수리적사고,1,3,,
3,15,20,영어,1,3,,
4,15,20,제2외국어,1,3,,
5,15,20,융복합교양(문학과언어),1,3,,
5,15,20,융복합교양(표현과예술),1,3,,
5,15,20,융복합교양(역사와철학),1,3,,
5,15,20,융복합교양(인간과사회),1,3,,
5,15,20,융복합교양(과학과기술),1,3,,
8,15,20,전공선택,21,63,,
1,16,20,이화진선미(기세),1,3,,
2,16,20,통합적사고와글쓰기,1,3,,
9,16,20,컴퓨팅과수리적사고,1,3,,
3,16,20,영어,1,3,,
4,16,20,제2외국어,1,3,,
5,16,20,융복합교양(문학과언어),1,3,,
5,16,20,융복합교양(표현과예술),1,3,,
5,16,20,융복합교양(역사와철학),1,3,,
5,16,20,융복합교양(인간과사회),1,3,,
5,16,20,융복합교양(과학과기술),1,3,,
8,16,20,전공선택,21,63,,
1,17,20,이화진선미(기세),1,3,,
2,17,20,통합적사고와글쓰기,1,3,,
9,17,20,컴퓨팅과수리적사고,1,3,,
3,17,20,영어,1,3,,
4,17,20,제2외국어,1,3,,
5,17,20,융복합교양(문학과언어),1,3,,
5,17,20,융복합교양(표현과예술),1,3,,
5,17,20,융복합교양(역사와철학),1,3,,
5,17,20,융복합교양(인간과사회),1,3,,
5,17,20,융복합교양(과학과기술),1,3,,
8,17,20,전공선택,21,63,,
1,9,21,이화진선미(기세),1,3,,
2,9,21,통합적사고와글쓰기,1,3,,
9,9,21,컴퓨팅과수리적사고,1,3,,
3,9,21,영어,1,3,,
4,9,21,제2외국어,1,3,,
5,9,21,융복합교양(문학과언어),1,3,,
5,9,21,융복합교양(표현과예술),1,3,,
5,9,21,융복합교양(역사와철학),1,3,,
5,9,21,융복합교양(인간과사회),1,3,,
5,9,21,융복합교양(과학과기술),1,3,,
8,9,21,전공선택,21,63,,
1,10,21,이화진선미(기세),1,3,,
2,10,21,통합적사고와글쓰기,1,3,,
9,10,21,컴퓨팅과수리적사고,1,3,,
3,10,21,영어,1,3,,
4,10,21,제2외국어,1,3,,
5,10,21,융복합교양(문학과언어),1,3,,
5,10,21,융복합교양(표현과예술),1,3,,
5,10,21,융복합교양(역사와철학),1,3,,
5,10,21,융복합교양(인간과사회),1,3,,
5,10,21,융복합교양(과학과기술),1,3,,
8,10,21,전공선택,21,63,,
1,11,21,이화진선미(기세),1,3,,
2,11,21,통합적사고와글쓰기,1,3,,
9,11,21,컴퓨팅과수리적사고,1,3,,
3,11,21,영어,1,3,,
4,11,21,제2외국어,1,3,,
5,11,21,융복합교양(문학과언어),1,3,,
5,11,21,융복합교양(표현과예술),1,3,,
5,11,21,융복합교양(역사와철학),1,3,,
5,11,21,융복합교양(인간과사회),1,3,,
5,11,21,융복합교양(과학과기술),1,3,,
8,11,21,전공선택,21,63,,
1,12,21,이화진선미(기세),1,3,,
2,12,21,통합적사고와글쓰기,1,3,,
9,12,21,컴퓨팅과수리적사고,1,3,,
3,12,21,영어,1,3,,
4,12,21,제2외국어,1,3,,
5,12,21,융복합교양(문학과언어),1,3,,
5,12,21,융복합교양(표현과예술),1,3,,
5,12,21,융복합교양(역사와철학),1,3,,
5,12,21,융복합교양(인간과사회),1,3,,
5,12,21,융복합교양(과학과기술),1,3,,
8,12,21,전공선택,21,63,,
1,13,21,이화진선미(기세),1,3,,
2,13,21,통합적사고와글쓰기,1,3,,
9,13,21,컴퓨팅과수리적사고,1,3,,
3,13,21,영어,1,3,,
4,13,21,제2외국어,1,3,,
5,13,21,융복합교양(문학과언어),1,3,,
5,13,21,융복합교양(표현과예술),1,3,,
5,13,21,융복합교양(역사와철학),1,3,,
5,13,21,융복합교양(인간과사회),1,3,,
5,13,21,융복합교양(과학과기술),1,3,,
8,13,21,전공선택,21,63,,
1,14,21,이화진선미(기세),1,3,,
2,14,21,통합적사고와글쓰기,1,3,,
9,14,21,컴퓨팅과수리적사고,1,3,,
3,14,21,영어,1,3,,
4,14,21,제2외국어,1,3,,
5,14,21,융복합교양(문학과언어),1,3,,
5,14,21,융복합교양(표현과예술),1,3,,
5,14,21,융복합교양(역사와철학),1,3,,
5,14,21,융복합교양(인간과사회),1,3,,
5,14,21,융복합교양(과학과기술),1,3,,
8,14,21,전공선택,21,63,,
1,15,21,이화진선미(기세),1,3,,
2,15,21,통합적사고와글쓰기,1,3,,
9,15,21,컴퓨팅과수리적사고,1,3,,
3,15,21,영어,1,3,,
4,15,21,제2외국어,1,3,,
5,15,21,융복합교양(문학과언어),1,3,,
5,15,21,융복합교양(표현과예술),1,3,,
5,15,21,융복합교양(역사와철학),1,3,,
5,15,21,융복합교양(인간과사회),1,3,,
5,15,21,융복합교양(과학과기술),1,3,,
8,15,21,전공선택,21,63,,
1,16,21,이화진선미(기세),1,3,,
2,16,21,통합적사고와글쓰기,1,3,,
9,16,21,컴퓨팅과수리적사고,1,3,,
3,16,21,영어,1,3,,
4,16,21,제2외국어,1,3,,
5,16,21,융복합교양(문학과언어),1,3,,
5,16,21,융복합교양(표현과예술),1,3,,
5,16,21,융복합교양(역사와철학),1,3,,
5,16,21,융복합교양(인간과사회),1,3,,
5,16,21,융복합교양(과학과기술),1,3,,
8,16,21,전공선택,21,63,,
1,17,21,이화진선미(기세),1,3,,
2,17,21,통합적사고와글쓰기,1,3,,
9,17,21,컴퓨팅과수리적사고,1,3,,
3,17,21,영어,1,3,,
4,17,21,제2외국어,1,3,,
5,17,21,융복합교양(문학과언어),1,3,,
5,17,21,융복합교양(표현과예술),1,3,,
5,17,21,융복합교양(역사와철학),1,3,,
5,17,21,융복합교양(인간과사회),1,3,,
5,17,21,융복합교양(과학과기술),1,3,,
8,17,21,전공선택,21,63,,
1,18,20,이화진선미(기세),1,3,,
2,18,20,통합적사고와글쓰기,1,3,,
9,18,20,컴퓨팅과수리적사고,1,3,,
3,18,20,영어,1,3,,
4,18,20,제2외국어,1,3,,
5,18,20,융복합교양(문학과언어),1,3,,
5,18,20,융복합교양(표현과예술),1,3,,
5,18,20,융복합교양(역사와철학),1,3,,
5,18,20,융복합교양(인간과사회),1,3,,
5,18,20,융복합교양(과학과기술),1,3,,
7,18,20,전공필수,3,12,,
8,18,20,전공선택,11,33,,
1,18,21,이화진선미(기세),1,3,,
2,18,21,통합적사고와글쓰기,1,3,,
9,18,21,컴퓨팅과수리적사고,1,3,,
3,18,21,영어,1,3,,
4,18,21,제2외국어,1,3,,
5,18,21,융복합교양(문학과언어),1,3,,
5,18,21,융복합교양(표현과예술),1,3,,
5,18,21,융복합교양(역사와철학),1,3,,
5,18,21,융복합교양(인간과사회),1,3,,
5,18,21,융복합교양(과학과기술),1,3,,
7,18,21,전공필수,3,12,,
8,18,21,전공선택,11,33,,
1,19,20,이화진선미(기세),1,3,,
2,19,20,통합적사고와글쓰기,1,3,,
9,19,20,컴퓨팅과수리적사고,1,3,,
3,19,20,영어,1,3,,
4,19,20,제2외국어,1,3,,
5,19,20,융복합교양(문학과언어),1,3,,
5,19,20,융복합교양(표현과예술),1,3,,
5,19,20,융복합교양(역사와철학),1,3,,
5,19,20,융복합교양(인간과사회),1,3,,
5,19,20,융복합교양(과학과기술),1,3,,
7,19,20,전공필수,3,12,,
8,19,20,전공선택,11,33,,
1,19,21,이화진선미(기세),1,3,,
2,19,21,통합적사고와글쓰기,1,3,,
9,19,21,컴퓨팅과수리적사고,1,3,,
3,19,21,영어,1,3,,
4,19,21,제2외국어,1,3,,
5,19,21,융복합교양(문학과언어),1,3,,
5,19,21,융복합교양(표현과예술),1,3,,
5,19,21,융복합교양(역사와철학),1,3,,
5,19,21,융복합교양(인간과사회),1,3,,
5,19,21,융복합교양(과학과기술),1,3,,
7,19,21,전공필수,3,12,,
8,19,21,전공선택,11,33,,
1,20,20,이화진선미(기세),1,3,,
2,20,20,통합적사고와글쓰기,1,3,,
9,20,20,컴퓨팅과수리적사고,1,3,,
3,20,20,영어,1,3,,
4,20,20,제2외국어,1,3,,
5,20,20,융복합교양(문학과언어),1,3,,
5,20,20,융복합교양(표현과예술),1,3,,
5,20,20,융복합교양(역사와철학),1,3,,
5,20,20,융복합교양(인간과사회),1,3,,
5,20,20,융복합교양(과학과기술),1,3,,
7,20,20,전공필수,3,12,,
8,20,20,전공선택,11,33,,
1,20,21,이화진선미(기세),1,3,,
2,20,21,통합적사고와글쓰기,1,3,,
9,20,21,컴퓨팅과수리적사고,1,3,,
3,20,21,영어,1,3,,
4,20,21,제2외국어,1,3,,
5,20,21,융복합교양(문학과언어),1,3,,
5,20,21,융복합교양(표현과예술),1,3,,
5,20,21,융복합교양(역사와철학),1,3,,
5,20,21,융복합교양(인간과사회),1,3,,
5,20,21,융복합교양(과학과기술),1,3,,
7,20,21,전공필수,3,12,,
8,20,21,전공선택,11,33,,
1,21,20,이화진선미(기세),1,3,,
2,21,20,통합적사고와글쓰기,1,3,,
9,21,20,컴퓨팅과수리적사고,1,3,,
3,21,20,영어,1,3,,
4,21,20,제2외국어,1,3,,
5,21,20,융복합교양(문학과언어),1,3,,
5,21,20,융복합교양(표현과예술),1,3,,
5,21,20,융복합교양(역사와철학),1,3,,
5,21,20,융복합교양(인간과사회),1,3,,
5,21,20,융복합교양(과학과기술),1,3,,
7,21,20,전공필수,3,12,,
8,21,20,전공선택,11,33,,
1,21,21,이화진선미(기세),1,3,,
2,21,21,통합적사고와글쓰기,1,3,,
9,21,21,컴퓨팅과수리적사고,1,3,,
3,21,21,영어,1,3,,
4,21,21,제2외국어,1,3,,
5,21,21,융복합교양(문학과언어),1,3,,
5,21,21,융복합교양(표현과예술),1,3,,
5,21,21,융복합교양(역사와철학),1,3,,
5,21,21,융복합교양(인간과사회),1,3,,
5,21,21,융복합교양(과학과기술),1,3,,
7,21,21,전공필수,3,12,,
8,21,21,전공선택,11,33,,
1,22,20,이화진선미(기세),1,3,,
2,22,20,통합적사고와글쓰기,1,3,,
9,22,20,컴퓨팅과수리적사고,1,3,,
3,22,20,영어,1,3,,
4,22,20,제2외국어,1,3,,
5,22,20,융복합교양(문학과언어),1,3,,
5,22,20,융복합교양(표현과예술),1,3,,
5,22,20,융복합교양(역사와철학),1,3,,
5,22,20,융복합교양(인간과사회),1,3,,
5,22,20,융복합교양(과학과기술),1,3,,
7,22,20,전공필수,3,12,,
8,22,20,전공선택,11,33,,
1,22,21,이화진선미(기세),1,3,,
2,22,21,통합적사고와글쓰기,1,3,,
9,22,21,컴퓨팅과수리적사고,1,3,,
3,22,21,영어,1,3,,
4,22,21,제2외국어,1,3,,
5,22,21,융복합교양(문학과언어),1,3,,
5,22,21,융복합교양(표현과예술),1,3,,
5,22,21,융복합교양(역사와철학),1,3,,
5,22,21,융복합교양(인간과사회),1,3,,
5,22,21,융복합교양(과학과기술),1,3,,
7,22,21,전공필수,3,12,,
8,22,21,전공선택,11,33,,
1,24,20,이화진선미(기세),1,3,,
2,24,20,통합적사고와글쓰기,1,3,,
9,24,20,컴퓨팅과수리적사고,1,3,,
3,24,20,영어,1,3,,
4,24,20,제2외국어,1,3,,
5,24,20,융복합교양(문학과언어),1,3,,
5,24,20,융복합교양(표현과예술),1,3,,
5,24,20,융복합교양(역사와철학),1,3,,
5,24,20,융복합교양(인간과사회),1,3,,
5,24,20,융복합교양(과학과기술),1,3,,
7,24,20,전공필수,3,12,,
8,24,20,전공선택,11,33,,
1,24,21,이화진선미(기세),1,3,,
2,24,21,통합적사고와글쓰기,1,3,,
9,24,21,컴퓨팅과수리적사고,1,3,,
3,24,21,영어,1,3,,
4,24,21,제2외국어,1,3,,
5,24,21,융복합교양(문학과언어),1,3,,
5,24,21,융복합교양(표현과예술),1,3,,
5,24,21,융복합교양(역사와철학),1,3,,
5,24,21,융복합교양(인간과사회),1,3,,
5,24,21,융복합교양(과학과기술),1,3,,
7,24,21,전공필수,3,12,,
8,24,21,전공선택,11,33,,
1,25,20,이화진선미(기세),1,3,,
2,25,20,통합적사고와글쓰기,1,3,,
9,25,20,컴퓨팅과수리적사고,1,3,,
3,25,20,영어,1,3,,
4,25,20,제2외국어,1,3,,
5,25,20,융복합교양(문학과언어),1,3,,
5,25,20,융복합교양(표현과예술),1,3,,
5,25,20,융복합교양(역사와철학),1,3,,
5,25,20,융복합교양(인간과사회),1,3,,
5,25,20,융복합교양(과학과기술),1,3,,
7,25,20,전공필수,3,12,,
8,25,20,전공선택,11,33,,
1,25,21,이화진선미(기세),1,3,,
2,25,21,통합적사고와글쓰기,1,3,,
9,25,21,컴퓨팅과수리적사고,1,3,,
3,25,21,영어,1,3,,
4,25,21,제2외국어,1,3,,
5,25,21,융복합교양(문학과언어),1,3,,
5,25,21,융복합교양(표현과예술),1,3,,
5,25,21,융복합교양(역사와철학),1,3,,
5,25,21,융복합교양(인간과사회),1,3,,
5,25,21,융복합교양(과학과기술),1,3,,
7,25,21,전공필수,3,12,,
8,25,21,전공선택,11,33,,
1,26,20,이화진선미(기세),1,3,,
2,26,20,통합적사고와글쓰기,1,3,,
9,26,20,컴퓨팅과수리적사고,1,3,,
3,26,20,영어,1,3,,
4,26,20,제2외국어,1,3,,
5,26,20,융복합교양(문학과언어),1,3,,
5,26,20,융복합교양(표현과예술),1,3,,
5,26,20,융복합교양(역사와철학),1,3,,
5,26,20,융복합교양(인간과사회),1,3,,
5,26,20,융복합교양(과학과기술),1,3,,
7,26,20,전공필수,3,12,,
8,26,20,전공선택,11,33,,
1,26,21,이화진선미(기세),1,3,,
2,26,21,통합적사고와글쓰기,1,3,,
9,26,21,컴퓨팅과수리적사고,1,3,,
3,26,21,영어,1,3,,
4,26,21,제2외국어,1,3,,
5,26,21,융복합교양(문학과언어),1,3,,
5,26,21,융복합교양(표현과예술),1,3,,
5,26,21,융복합교양(역사와철학),1,3,,
5,26,21,융복합교양(인간과사회),1,3,,
5,26,21,융복합교양(과학과기술),1,3,,
7,26,21,전공필수,3,12,,
8,26,21,전공선택,11,33,,
1,27,20,이화진선미(기세),1,3,,
2,27,20,통합적사고와글쓰기,1,3,,
9,27,20,컴퓨팅과수리적사고,1,3,,
3,27,20,영어,1,3,,
4,27,20,제2외국어,1,3,,
5,27,20,융복합교양(문학과언어),1,3,,
5,27,20,융복합교양(표현과예술),1,3,,
5,27,20,융복합교양(역사와철학),1,3,,
5,27,20,융복합교양(인간과사회),1,3,,
5,27,20,융복합교양(과학과기술),1,3,,
7,27,20,전공필수,3,12,,
8,27,20,전공선택,11,33,,
1,27,21,이화진선미(기세),1,3,,
2,27,21,통합적사고와글쓰기,1,3,,
9,27,21,컴퓨팅과수리적사고,1,3,,
3,27,21,영어,1,3,,
4,27,21,제2외국어,1,3,,
5,27,21,융복합교양(문학과언어),1,3,,
5,27,21,융복합교양(표현과예술),1,3,,
5,27,21,융복합교양(역사와철학),1,3,,
5,27,21,융복합교양(인간과사회),1,3,,
5,27,21,융복합교양(과학과기술),1,3,,
7,27,21,전공필수,3,12,,
8,27,21,전공선택,11,33,,
1,28,20,이화진선미(기세),1,3,,
2,28,20,통합적사고와글쓰기,1,3,,
9,28,20,컴퓨팅과수리적사고,1,3,,
3,28,20,영어,1,3,,
4,28,20,제2외국어,1,3,,
5,28,20,융복합교양(문학과언어),1,3,,
5,28,20,융복합교양(표현과예술),1,3,,
5,28,20,융복합교양(역사와철학),1,3,,
5,28,20,융복합교양(인간과사회),1,3,,
5,28,20,융복합교양(과학과기술),1,3,,
7,28,20,전공필수,3,12,,
8,28,20,전공선택,11,33,,
1,28,21,이화진선미(기세),1,3,,
2,28,21,통합적사고와글쓰기,1,3,,
9,28,21,컴퓨팅과수리적사고,1,3,,
3,28,21,영어,1,3,,
4,28,21,제2외국어,1,3,,
5,28,21,융복합교양(문학과언어),1,3,,
5,28,21,융복합교양(표현과예술),1,3,,
5,28,21,융복합교양(역사와철학),1,3,,
5,28,21,융복합교양(인간과사회),1,3,,
5,28,21,융복합교양(과학과기술),1,3,,
7,28,21,전공필수,3,12,,
8,28,21,전공선택,11,33,,
1,29,20,이화진선미(기세),1,3,,
2,29,20,통합적사고와글쓰기,1,3,,
9,29,20,컴퓨팅과수리적사고,1,3,,
3,29,20,영어,1,3,,
4,29,20,제2외국어,1,3,,
5,29,20,융복합교양(문학과언어),1,3,,
5,29,20,융복합교양(표현과예술),1,3,,
5,29,20,융복합교양(역사와철학),1,3,,
5,29,20,융복합교양(인간과사회),1,3,,
5,29,20,융복합교양(과학과기술),1,3,,
7,29,20,전공필수,3,12,,
8,29,20,전공선택,11,33,,
1,29,21,이화진선미(기세),1,3,,
2,29,21,통합적사고와글쓰기,1,3,,
9,29,21,컴퓨팅과수리적사고,1,3,,
3,29,21,영어,1,3,,
4,29,21,제2외국어,1,3,,
5,29,21,융복합교양(문학과언어),1,3,,
5,29,21,융복합교양(표현과예술),1,3,,
5,29,21,융복합교양(역사와철학),1,3,,
5,29,21,융복합교양(인간과사회),1,3,,
5,29,21,융복합교양(과학과기술),1,3,,
7,29,21,전공필수,3,12,,
8,29,21,전공선택,11,33,,
1,30,20,이화진선미(기세),1,3,,
2,30,20,통합적사고와글쓰기,1,3,,
9,30,20,컴퓨팅과수리적사고,1,3,,
3,30,20,영어,1,3,,
4,30,20,제2외국어,1,3,,
5,30,20,융복합교양(문학과언어),1,3,,
5,30,20,융복합교양(표현과예술),1,3,,
5,30,20,융복합교양(역사와철학),1,3,,
5,30,20,융복합교양(인간과사회),1,3,,
5,30,20,융복합교양(과학과기술),1,3,,
7,30,20,전공필수,3,12,,
8,30,20,전공선택,11,33,,
1,30,21,이화진선미(기세),1,3,,
2,30,21,통합적사고와글쓰기,1,3,,
9,30,21,컴퓨팅과수리적사고,1,3,,
3,30,21,영어,1,3,,
4,30,21,제2외국어,1,3,,
5,30,21,융복합교양(문학과언어),1,3,,
5,30,21,융복합교양(표현과예술),1,3,,
5,30,21,융복합교양(역사와철학),1,3,,
5,30,21,융복합교양(인간과사회),1,3,,
5,30,21,융복합교양(과학과기술),1,3,,
7,30,21,전공필수,3,12,,
8,30,21,전공선택,11,33,,
1,31,20,이화진선미(기세),1,3,,
2,31,20,통합적사고와글쓰기,1,3,,
9,31,20,컴퓨팅과수리적사고,1,3,,
3,31,20,영어,1,3,,
4,31,20,제2외국어,1,3,,
5,31,20,융복합교양(문학과언어),1,3,,
5,31,20,융복합교양(표현과예술),1,3,,
5,31,20,융복합교양(역사와철학),1,3,,
5,31,20,융복합교양(인간과사회),1,3,,
5,31,20,융복합교양(과학과기술),1,3,,
7,31,20,전공필수,3,12,,
8,31,20,전공선택,11,33,,
1,31,21,이화진선미(기세),1,3,,
2,31,21,통합적사고와글쓰기,1,3,,
9,31,21,컴퓨팅과수리적사고,1,3,,
3,31,21,영어,1,3,,
4,31,21,제2외국어,1,3,,
5,31,21,융복합교양(문학과언어),1,3,,
5,31,21,융복합교양(표현과예술),1,3,,
5,31,21,융복합교양(역사와철학),1,3,,
5,31,21,융복합교양(인간과사회),1,3,,
5,31,21,융복합교양(과학과기술),1,3,,
7,31,21,전공필수,3,12,,
8,31,21,전공선택,11,33,,
1,32,20,이화진선미(기세),1,3,,
2,32,20,통합적사고와글쓰기,1,3,,
9,32,20,컴퓨팅과수리적사고,1,3,,
3,32,20,영어,1,3,,
4,32,20,제2외국어,1,3,,
5,32,20,융복합교양(문학과언어),1,3,,
